ISO-10303-21;
HEADER;
/* Generated by software containing ST-Developer
 * from STEP Tools, Inc. (www.steptools.com) 
 */

FILE_DESCRIPTION(
/* description */ ('',
'CAx-IF Rec.Pracs.---Representation and Presentation of Product Manufa
cturing Information (PMI)---4.0---2014-10-13'),
/* implementation_level */ '2;1');

FILE_NAME(
/* name */ 'Lidar Velodyne PUCK VLP-16.stp',
/* time_stamp */ '2025-03-24T13:39:55+03:00',
/* author */ ('alcoa'),
/* organization */ (''),
/* preprocessor_version */ 'ST-DEVELOPER v20',
/* originating_system */ 'Autodesk Inventor 2024',
/* authorisation */ '');

FILE_SCHEMA (('AP242_MANAGED_MODEL_BASED_3D_ENGINEERING_MIM_LF { 1 0 10303 442 1 1 4 }'));
ENDSEC;

DATA;
#10=CONSTRUCTIVE_GEOMETRY_REPRESENTATION_RELATIONSHIP('CGRR','None',#2580,
#11);
#11=CONSTRUCTIVE_GEOMETRY_REPRESENTATION('Supplemental geometry',(#45,#46,
#47,#48,#49),#2572);
#12=MECHANICAL_DESIGN_AND_DRAUGHTING_RELATIONSHIP('Isometric','',#27,#28);
#13=MECHANICAL_DESIGN_AND_DRAUGHTING_RELATIONSHIP('Front','',#29,#28);
#14=MECHANICAL_DESIGN_AND_DRAUGHTING_RELATIONSHIP('Top','',#30,#28);
#15=MECHANICAL_DESIGN_AND_DRAUGHTING_RELATIONSHIP('Right','',#31,#28);
#16=MAPPED_ITEM('',#21,#1614);
#17=MAPPED_ITEM('',#22,#1615);
#18=MAPPED_ITEM('',#23,#1616);
#19=MAPPED_ITEM('',#24,#1617);
#20=MAPPED_ITEM('',#25,#1618);
#21=REPRESENTATION_MAP(#1614,#26);
#22=REPRESENTATION_MAP(#1615,#2580);
#23=REPRESENTATION_MAP(#1616,#26);
#24=REPRESENTATION_MAP(#1617,#26);
#25=REPRESENTATION_MAP(#1618,#26);
#26=ADVANCED_BREP_SHAPE_REPRESENTATION('Isometric',(#105),#2572);
#27=DRAUGHTING_MODEL('Isometric',(#16,#33),#2572);
#28=DRAUGHTING_MODEL('',(#17,#1615),#2572);
#29=DRAUGHTING_MODEL('Front',(#18,#34),#2572);
#30=DRAUGHTING_MODEL('Top',(#19,#35),#2572);
#31=DRAUGHTING_MODEL('Right',(#20,#36),#2572);
#32=MECHANICAL_DESIGN_GEOMETRIC_PRESENTATION_REPRESENTATION('',(#131,#132,
#133,#134,#135,#136,#137,#138,#139,#140,#141,#142,#143,#144,#145,#146,#147,
#148,#149,#150,#151,#152,#153,#154,#155,#156,#157,#158,#159,#160,#161,#162,
#163,#164,#165,#166,#167,#168,#169,#170,#171,#172,#173,#174,#175,#176,#177,
#178,#179,#180,#181,#182,#183,#184,#185,#186,#187,#188,#189,#190,#191,#192,
#193,#194,#195,#196,#197,#198,#199,#200,#201,#202,#203,#204,#205,#206,#207,
#208,#209,#210,#211,#212,#213,#214,#215,#216,#217,#218,#219,#220,#221,#222,
#223,#224,#225,#226,#227,#228,#229,#230,#231,#232,#233,#234,#235,#236,#237,
#238,#239,#240,#241,#242,#243,#244,#245,#246,#247,#248,#249),#2573);
#33=CAMERA_MODEL_D3('Isometric',#1606,#37);
#34=CAMERA_MODEL_D3('Front',#1608,#38);
#35=CAMERA_MODEL_D3('Top',#1610,#39);
#36=CAMERA_MODEL_D3('Right',#1612,#40);
#37=VIEW_VOLUME(.PARALLEL.,#2555,16.9875424688562,0.,.F.,0.,.F.,.F.,#41);
#38=VIEW_VOLUME(.PARALLEL.,#2558,117.693146607172,0.,.F.,0.,.F.,.F.,#42);
#39=VIEW_VOLUME(.PARALLEL.,#2561,117.693146607172,0.,.F.,0.,.F.,.F.,#43);
#40=VIEW_VOLUME(.PARALLEL.,#2564,117.693146607172,0.,.F.,0.,.F.,.F.,#44);
#41=PLANAR_BOX('view window',27.8110236220472,20.,#1607);
#42=PLANAR_BOX('view window',27.8110236220472,20.,#1609);
#43=PLANAR_BOX('view window',27.8110236220472,20.,#1611);
#44=PLANAR_BOX('view window',27.8110236220472,20.,#1613);
#45=GEOMETRIC_CURVE_SET('Sketch1',(#60,#61,#62,#63,#64,#65,#66,#67,#68,
#69,#70,#71,#72,#73,#74,#75,#76,#77,#78,#79,#80,#81,#82,#83,#84,#85,#86,
#87,#88,#89,#50,#90,#91,#51,#52,#2493,#2494,#2495,#2496));
#46=GEOMETRIC_CURVE_SET('Sketch2',(#701,#92,#93,#94,#95,#96,#97,#702,#2511,
#2512));
#47=GEOMETRIC_CURVE_SET('Sketch3',(#703,#2514,#2515));
#48=GEOMETRIC_CURVE_SET('Sketch4',(#704,#705,#98,#99,#53,#54,#2528));
#49=GEOMETRIC_CURVE_SET('Sketch5',(#100,#101,#102,#103,#708,#104,#55,#56,
#57,#58,#2552));
#50=TRIMMED_CURVE('',#698,(#2481,PARAMETER_VALUE(4.71238898038469)),(#2482,
PARAMETER_VALUE(6.28318530717959)),.T.,.PARAMETER.);
#51=TRIMMED_CURVE('',#699,(#2488,PARAMETER_VALUE(3.14159265358981)),(#2489,
PARAMETER_VALUE(6.2831853071796)),.T.,.PARAMETER.);
#52=TRIMMED_CURVE('',#700,(#2491,PARAMETER_VALUE(0.)),(#2492,
PARAMETER_VALUE(3.14159265358986)),.T.,.PARAMETER.);
#53=TRIMMED_CURVE('',#706,(#2523,PARAMETER_VALUE(3.14159265358979)),(#2524,
PARAMETER_VALUE(6.28318530717959)),.T.,.PARAMETER.);
#54=TRIMMED_CURVE('',#707,(#2526,PARAMETER_VALUE(0.)),(#2527,
PARAMETER_VALUE(3.14159265358979)),.T.,.PARAMETER.);
#55=TRIMMED_CURVE('',#709,(#2541,PARAMETER_VALUE(1.5707963267949)),(#2542,
PARAMETER_VALUE(3.14159265358979)),.T.,.PARAMETER.);
#56=TRIMMED_CURVE('',#710,(#2544,PARAMETER_VALUE(3.14159265358979)),(#2545,
PARAMETER_VALUE(4.71238898038469)),.T.,.PARAMETER.);
#57=TRIMMED_CURVE('',#711,(#2547,PARAMETER_VALUE(4.71238898038469)),(#2548,
PARAMETER_VALUE(6.28318530717959)),.T.,.PARAMETER.);
#58=TRIMMED_CURVE('',#712,(#2550,PARAMETER_VALUE(0.)),(#2551,
PARAMETER_VALUE(1.5707963267949)),.T.,.PARAMETER.);
#59=INVISIBILITY((#175,#176,#177,#178,#179,#180,#181,#182,#183,#184,#185,
#186,#187,#188,#189,#190,#191,#192,#193,#194,#195,#196,#197,#198,#199,#200,
#201,#202,#203,#204,#205,#206,#207,#208,#209,#210,#211,#212,#213,#214,#215,
#216,#217,#218,#219,#220,#221,#222,#223,#224,#225,#226,#227,#228,#229,#230,
#231,#232,#233,#234,#235,#236,#237,#238,#239,#240,#241,#242,#243,#244,#245,
#246,#247,#248,#249));
#60=POLYLINE('',(#2420,#2421));
#61=POLYLINE('',(#2422,#2423));
#62=POLYLINE('',(#2424,#2425));
#63=POLYLINE('',(#2426,#2427));
#64=POLYLINE('',(#2428,#2429));
#65=POLYLINE('',(#2430,#2431));
#66=POLYLINE('',(#2432,#2433));
#67=POLYLINE('',(#2434,#2435));
#68=POLYLINE('',(#2436,#2437));
#69=POLYLINE('',(#2438,#2439));
#70=POLYLINE('',(#2440,#2441));
#71=POLYLINE('',(#2442,#2443));
#72=POLYLINE('',(#2444,#2445));
#73=POLYLINE('',(#2446,#2447));
#74=POLYLINE('',(#2448,#2449));
#75=POLYLINE('',(#2450,#2451));
#76=POLYLINE('',(#2452,#2453));
#77=POLYLINE('',(#2454,#2455));
#78=POLYLINE('',(#2456,#2457));
#79=POLYLINE('',(#2458,#2459));
#80=POLYLINE('',(#2460,#2461));
#81=POLYLINE('',(#2462,#2463));
#82=POLYLINE('',(#2464,#2465));
#83=POLYLINE('',(#2466,#2467));
#84=POLYLINE('',(#2468,#2469));
#85=POLYLINE('',(#2470,#2471));
#86=POLYLINE('',(#2472,#2473));
#87=POLYLINE('',(#2474,#2475));
#88=POLYLINE('',(#2476,#2477));
#89=POLYLINE('',(#2478,#2479));
#90=POLYLINE('',(#2483,#2484));
#91=POLYLINE('',(#2485,#2486));
#92=POLYLINE('',(#2498,#2499));
#93=POLYLINE('',(#2500,#2501));
#94=POLYLINE('',(#2502,#2503));
#95=POLYLINE('',(#2504,#2505));
#96=POLYLINE('',(#2506,#2507));
#97=POLYLINE('',(#2508,#2509));
#98=POLYLINE('',(#2518,#2519));
#99=POLYLINE('',(#2520,#2521));
#100=POLYLINE('',(#2529,#2530));
#101=POLYLINE('',(#2531,#2532));
#102=POLYLINE('',(#2533,#2534));
#103=POLYLINE('',(#2535,#2536));
#104=POLYLINE('',(#2538,#2539));
#105=MANIFOLD_SOLID_BREP('Solid1',#1428);
#106=FACE_BOUND('',#410,.T.);
#107=FACE_BOUND('',#420,.T.);
#108=FACE_BOUND('',#423,.T.);
#109=FACE_BOUND('',#426,.T.);
#110=FACE_BOUND('',#431,.T.);
#111=FACE_BOUND('',#435,.T.);
#112=FACE_BOUND('',#436,.T.);
#113=FACE_BOUND('',#437,.T.);
#114=FACE_BOUND('',#438,.T.);
#115=FACE_BOUND('',#439,.T.);
#116=FACE_BOUND('',#441,.T.);
#117=FACE_BOUND('',#443,.T.);
#118=FACE_BOUND('',#446,.T.);
#119=ELLIPSE('',#1515,102.410524803725,51.1115124151878);
#120=ELLIPSE('',#1523,102.410524803725,51.1115124151878);
#121=ELLIPSE('',#1525,103.952680453404,51.8811784996628);
#122=ELLIPSE('',#1529,103.952680453404,51.8811784996628);
#123=B_SPLINE_CURVE_WITH_KNOTS('',3,(#2210,#2211,#2212,#2213),
 .UNSPECIFIED.,.F.,.F.,(4,4),(0.00259136177652924,0.00288663917598487),
 .UNSPECIFIED.);
#124=B_SPLINE_CURVE_WITH_KNOTS('',3,(#2227,#2228,#2229,#2230),
 .UNSPECIFIED.,.F.,.F.,(4,4),(3.19554989057197,3.19582977212753),
 .UNSPECIFIED.);
#125=B_SPLINE_CURVE_WITH_KNOTS('',3,(#2242,#2243,#2244,#2245),
 .UNSPECIFIED.,.F.,.F.,(4,4),(2.56020790536452,2.56048778692009),
 .UNSPECIFIED.);
#126=B_SPLINE_CURVE_WITH_KNOTS('',3,(#2353,#2354,#2355,#2356),
 .UNSPECIFIED.,.F.,.F.,(4,4),(1.92063921151454,1.92093448891399),
 .UNSPECIFIED.);
#127=B_SPLINE_CURVE_WITH_KNOTS('',3,(#2359,#2360,#2361,#2362),
 .UNSPECIFIED.,.F.,.F.,(4,4),(1.27969621926429,1.27997665765588),
 .UNSPECIFIED.);
#128=B_SPLINE_CURVE_WITH_KNOTS('',3,(#2365,#2366,#2367,#2368),
 .UNSPECIFIED.,.F.,.F.,(4,4),(0.643549193034643,0.643829631426226),
 .UNSPECIFIED.);
#129=TOROIDAL_SURFACE('',#1504,48.1589930688008,2.);
#130=TOROIDAL_SURFACE('',#1574,3.4,1.6);
#131=STYLED_ITEM('',(#2590),#1385);
#132=STYLED_ITEM('',(#2590),#1386);
#133=STYLED_ITEM('',(#2590),#1387);
#134=STYLED_ITEM('',(#2591),#1388);
#135=STYLED_ITEM('',(#2591),#1389);
#136=STYLED_ITEM('',(#2591),#1390);
#137=STYLED_ITEM('',(#2591),#1391);
#138=STYLED_ITEM('',(#2591),#1392);
#139=STYLED_ITEM('',(#2591),#1393);
#140=STYLED_ITEM('',(#2591),#1394);
#141=STYLED_ITEM('',(#2591),#1395);
#142=STYLED_ITEM('',(#2591),#1396);
#143=STYLED_ITEM('',(#2591),#1397);
#144=STYLED_ITEM('',(#2591),#1398);
#145=STYLED_ITEM('',(#2591),#1399);
#146=STYLED_ITEM('',(#2591),#1400);
#147=STYLED_ITEM('',(#2591),#1401);
#148=STYLED_ITEM('',(#2591),#1402);
#149=STYLED_ITEM('',(#2591),#1403);
#150=STYLED_ITEM('',(#2591),#1404);
#151=STYLED_ITEM('',(#2591),#1405);
#152=STYLED_ITEM('',(#2591),#1406);
#153=STYLED_ITEM('',(#2591),#1407);
#154=STYLED_ITEM('',(#2591),#1408);
#155=STYLED_ITEM('',(#2591),#1409);
#156=STYLED_ITEM('',(#2591),#1410);
#157=STYLED_ITEM('',(#2591),#1411);
#158=STYLED_ITEM('',(#2591),#1412);
#159=STYLED_ITEM('',(#2591),#1413);
#160=STYLED_ITEM('',(#2591),#1414);
#161=STYLED_ITEM('',(#2591),#1415);
#162=STYLED_ITEM('',(#2591),#1416);
#163=STYLED_ITEM('',(#2591),#1417);
#164=STYLED_ITEM('',(#2591),#1418);
#165=STYLED_ITEM('',(#2591),#1419);
#166=STYLED_ITEM('',(#2591),#1420);
#167=STYLED_ITEM('',(#2592),#1421);
#168=STYLED_ITEM('',(#2592),#1422);
#169=STYLED_ITEM('',(#2590),#1423);
#170=STYLED_ITEM('',(#2590),#1424);
#171=STYLED_ITEM('',(#2590),#1425);
#172=STYLED_ITEM('',(#2593),#1426);
#173=STYLED_ITEM('',(#2590),#1427);
#174=STYLED_ITEM('',(#2589),#105);
#175=STYLED_ITEM('',(#2594),#60);
#176=STYLED_ITEM('',(#2594),#61);
#177=STYLED_ITEM('',(#2594),#62);
#178=STYLED_ITEM('',(#2594),#63);
#179=STYLED_ITEM('',(#2594),#64);
#180=STYLED_ITEM('',(#2594),#65);
#181=STYLED_ITEM('',(#2594),#66);
#182=STYLED_ITEM('',(#2594),#67);
#183=STYLED_ITEM('',(#2594),#68);
#184=STYLED_ITEM('',(#2594),#69);
#185=STYLED_ITEM('',(#2594),#70);
#186=STYLED_ITEM('',(#2594),#71);
#187=STYLED_ITEM('',(#2594),#72);
#188=STYLED_ITEM('',(#2594),#73);
#189=STYLED_ITEM('',(#2594),#74);
#190=STYLED_ITEM('',(#2594),#75);
#191=STYLED_ITEM('',(#2594),#76);
#192=STYLED_ITEM('',(#2594),#77);
#193=STYLED_ITEM('',(#2594),#78);
#194=STYLED_ITEM('',(#2594),#79);
#195=STYLED_ITEM('',(#2594),#80);
#196=STYLED_ITEM('',(#2594),#81);
#197=STYLED_ITEM('',(#2594),#82);
#198=STYLED_ITEM('',(#2594),#83);
#199=STYLED_ITEM('',(#2594),#84);
#200=STYLED_ITEM('',(#2596),#85);
#201=STYLED_ITEM('',(#2594),#86);
#202=STYLED_ITEM('',(#2597),#87);
#203=STYLED_ITEM('',(#2594),#88);
#204=STYLED_ITEM('',(#2595),#89);
#205=STYLED_ITEM('',(#2594),#50);
#206=STYLED_ITEM('',(#2594),#90);
#207=STYLED_ITEM('',(#2594),#91);
#208=STYLED_ITEM('',(#2594),#51);
#209=STYLED_ITEM('',(#2594),#52);
#210=STYLED_ITEM('',(#2598),#2493);
#211=STYLED_ITEM('',(#2599),#2494);
#212=STYLED_ITEM('',(#2600),#2495);
#213=STYLED_ITEM('',(#2601),#2496);
#214=STYLED_ITEM('',(#2595),#701);
#215=STYLED_ITEM('',(#2594),#92);
#216=STYLED_ITEM('',(#2594),#93);
#217=STYLED_ITEM('',(#2594),#94);
#218=STYLED_ITEM('',(#2594),#95);
#219=STYLED_ITEM('',(#2594),#96);
#220=STYLED_ITEM('',(#2594),#97);
#221=STYLED_ITEM('',(#2602),#702);
#222=STYLED_ITEM('',(#2603),#2511);
#223=STYLED_ITEM('',(#2604),#2512);
#224=STYLED_ITEM('',(#2595),#703);
#225=STYLED_ITEM('',(#2605),#2514);
#226=STYLED_ITEM('',(#2606),#2515);
#227=STYLED_ITEM('',(#2595),#704);
#228=STYLED_ITEM('',(#2594),#705);
#229=STYLED_ITEM('',(#2594),#98);
#230=STYLED_ITEM('',(#2594),#99);
#231=STYLED_ITEM('',(#2594),#53);
#232=STYLED_ITEM('',(#2594),#54);
#233=STYLED_ITEM('',(#2607),#2528);
#234=STYLED_ITEM('',(#2594),#100);
#235=STYLED_ITEM('',(#2594),#101);
#236=STYLED_ITEM('',(#2594),#102);
#237=STYLED_ITEM('',(#2594),#103);
#238=STYLED_ITEM('',(#2595),#708);
#239=STYLED_ITEM('',(#2594),#104);
#240=STYLED_ITEM('',(#2594),#55);
#241=STYLED_ITEM('',(#2594),#56);
#242=STYLED_ITEM('',(#2594),#57);
#243=STYLED_ITEM('',(#2594),#58);
#244=STYLED_ITEM('',(#2608),#2552);
#245=STYLED_ITEM('',(#2609),#45);
#246=STYLED_ITEM('',(#2610),#46);
#247=STYLED_ITEM('',(#2611),#47);
#248=STYLED_ITEM('',(#2612),#48);
#249=STYLED_ITEM('',(#2613),#49);
#250=STYLED_ITEM('',(#2614),#17);
#251=CONICAL_SURFACE('',#1498,1.2446,1.02974425867665);
#252=CONICAL_SURFACE('',#1500,3.1196,0.785398163397448);
#253=CONICAL_SURFACE('',#1509,50.3217628339019,0.0299358332483894);
#254=CONICAL_SURFACE('',#1584,51.3219447309965,0.0349065850398859);
#255=CONICAL_SURFACE('',#1588,50.2435256678039,0.018710379698069);
#256=PLANE('',#1454);
#257=PLANE('',#1458);
#258=PLANE('',#1462);
#259=PLANE('',#1466);
#260=PLANE('',#1467);
#261=PLANE('',#1471);
#262=PLANE('',#1475);
#263=PLANE('',#1479);
#264=PLANE('',#1483);
#265=PLANE('',#1484);
#266=PLANE('',#1488);
#267=PLANE('',#1492);
#268=PLANE('',#1496);
#269=PLANE('',#1497);
#270=PLANE('',#1511);
#271=PLANE('',#1514);
#272=PLANE('',#1518);
#273=PLANE('',#1522);
#274=PLANE('',#1524);
#275=PLANE('',#1526);
#276=PLANE('',#1528);
#277=PLANE('',#1530);
#278=PLANE('',#1531);
#279=PLANE('',#1532);
#280=PLANE('',#1533);
#281=PLANE('',#1534);
#282=PLANE('',#1535);
#283=PLANE('',#1536);
#284=PLANE('',#1560);
#285=PLANE('',#1564);
#286=PLANE('',#1568);
#287=PLANE('',#1577);
#288=PLANE('',#1581);
#289=PLANE('',#1582);
#290=PLANE('',#1586);
#291=PLANE('',#1590);
#292=FACE_OUTER_BOUND('',#363,.T.);
#293=FACE_OUTER_BOUND('',#364,.T.);
#294=FACE_OUTER_BOUND('',#365,.T.);
#295=FACE_OUTER_BOUND('',#366,.T.);
#296=FACE_OUTER_BOUND('',#367,.T.);
#297=FACE_OUTER_BOUND('',#368,.T.);
#298=FACE_OUTER_BOUND('',#369,.T.);
#299=FACE_OUTER_BOUND('',#370,.T.);
#300=FACE_OUTER_BOUND('',#371,.T.);
#301=FACE_OUTER_BOUND('',#372,.T.);
#302=FACE_OUTER_BOUND('',#373,.T.);
#303=FACE_OUTER_BOUND('',#374,.T.);
#304=FACE_OUTER_BOUND('',#375,.T.);
#305=FACE_OUTER_BOUND('',#376,.T.);
#306=FACE_OUTER_BOUND('',#377,.T.);
#307=FACE_OUTER_BOUND('',#378,.T.);
#308=FACE_OUTER_BOUND('',#379,.T.);
#309=FACE_OUTER_BOUND('',#380,.T.);
#310=FACE_OUTER_BOUND('',#381,.T.);
#311=FACE_OUTER_BOUND('',#382,.T.);
#312=FACE_OUTER_BOUND('',#383,.T.);
#313=FACE_OUTER_BOUND('',#384,.T.);
#314=FACE_OUTER_BOUND('',#385,.T.);
#315=FACE_OUTER_BOUND('',#386,.T.);
#316=FACE_OUTER_BOUND('',#387,.T.);
#317=FACE_OUTER_BOUND('',#388,.T.);
#318=FACE_OUTER_BOUND('',#389,.T.);
#319=FACE_OUTER_BOUND('',#390,.T.);
#320=FACE_OUTER_BOUND('',#391,.T.);
#321=FACE_OUTER_BOUND('',#392,.T.);
#322=FACE_OUTER_BOUND('',#393,.T.);
#323=FACE_OUTER_BOUND('',#394,.T.);
#324=FACE_OUTER_BOUND('',#395,.T.);
#325=FACE_OUTER_BOUND('',#396,.T.);
#326=FACE_OUTER_BOUND('',#397,.T.);
#327=FACE_OUTER_BOUND('',#398,.T.);
#328=FACE_OUTER_BOUND('',#399,.T.);
#329=FACE_OUTER_BOUND('',#400,.T.);
#330=FACE_OUTER_BOUND('',#401,.T.);
#331=FACE_OUTER_BOUND('',#402,.T.);
#332=FACE_OUTER_BOUND('',#403,.T.);
#333=FACE_OUTER_BOUND('',#404,.T.);
#334=FACE_OUTER_BOUND('',#405,.T.);
#335=FACE_OUTER_BOUND('',#406,.T.);
#336=FACE_OUTER_BOUND('',#407,.T.);
#337=FACE_OUTER_BOUND('',#408,.T.);
#338=FACE_OUTER_BOUND('',#409,.T.);
#339=FACE_OUTER_BOUND('',#411,.T.);
#340=FACE_OUTER_BOUND('',#412,.T.);
#341=FACE_OUTER_BOUND('',#413,.T.);
#342=FACE_OUTER_BOUND('',#414,.T.);
#343=FACE_OUTER_BOUND('',#415,.T.);
#344=FACE_OUTER_BOUND('',#416,.T.);
#345=FACE_OUTER_BOUND('',#417,.T.);
#346=FACE_OUTER_BOUND('',#418,.T.);
#347=FACE_OUTER_BOUND('',#419,.T.);
#348=FACE_OUTER_BOUND('',#421,.T.);
#349=FACE_OUTER_BOUND('',#422,.T.);
#350=FACE_OUTER_BOUND('',#424,.T.);
#351=FACE_OUTER_BOUND('',#425,.T.);
#352=FACE_OUTER_BOUND('',#427,.T.);
#353=FACE_OUTER_BOUND('',#428,.T.);
#354=FACE_OUTER_BOUND('',#429,.T.);
#355=FACE_OUTER_BOUND('',#430,.T.);
#356=FACE_OUTER_BOUND('',#432,.T.);
#357=FACE_OUTER_BOUND('',#433,.T.);
#358=FACE_OUTER_BOUND('',#434,.T.);
#359=FACE_OUTER_BOUND('',#440,.T.);
#360=FACE_OUTER_BOUND('',#442,.T.);
#361=FACE_OUTER_BOUND('',#444,.T.);
#362=FACE_OUTER_BOUND('',#445,.T.);
#363=EDGE_LOOP('',(#993,#994,#995,#996));
#364=EDGE_LOOP('',(#997,#998,#999,#1000));
#365=EDGE_LOOP('',(#1001,#1002,#1003,#1004));
#366=EDGE_LOOP('',(#1005,#1006,#1007,#1008));
#367=EDGE_LOOP('',(#1009,#1010,#1011,#1012));
#368=EDGE_LOOP('',(#1013,#1014,#1015,#1016));
#369=EDGE_LOOP('',(#1017,#1018,#1019,#1020));
#370=EDGE_LOOP('',(#1021,#1022,#1023,#1024));
#371=EDGE_LOOP('',(#1025,#1026,#1027,#1028,#1029,#1030,#1031,#1032));
#372=EDGE_LOOP('',(#1033,#1034,#1035,#1036));
#373=EDGE_LOOP('',(#1037,#1038,#1039,#1040));
#374=EDGE_LOOP('',(#1041,#1042,#1043,#1044));
#375=EDGE_LOOP('',(#1045,#1046,#1047,#1048));
#376=EDGE_LOOP('',(#1049,#1050,#1051,#1052));
#377=EDGE_LOOP('',(#1053,#1054,#1055,#1056));
#378=EDGE_LOOP('',(#1057,#1058,#1059,#1060));
#379=EDGE_LOOP('',(#1061,#1062,#1063,#1064));
#380=EDGE_LOOP('',(#1065,#1066,#1067,#1068,#1069,#1070,#1071,#1072));
#381=EDGE_LOOP('',(#1073,#1074,#1075,#1076));
#382=EDGE_LOOP('',(#1077));
#383=EDGE_LOOP('',(#1078,#1079,#1080,#1081));
#384=EDGE_LOOP('',(#1082,#1083,#1084,#1085));
#385=EDGE_LOOP('',(#1086,#1087,#1088,#1089));
#386=EDGE_LOOP('',(#1090,#1091,#1092,#1093));
#387=EDGE_LOOP('',(#1094,#1095,#1096,#1097));
#388=EDGE_LOOP('',(#1098,#1099,#1100));
#389=EDGE_LOOP('',(#1101,#1102,#1103,#1104));
#390=EDGE_LOOP('',(#1105,#1106,#1107,#1108));
#391=EDGE_LOOP('',(#1109,#1110,#1111,#1112,#1113));
#392=EDGE_LOOP('',(#1114,#1115,#1116,#1117,#1118));
#393=EDGE_LOOP('',(#1119));
#394=EDGE_LOOP('',(#1120,#1121,#1122,#1123));
#395=EDGE_LOOP('',(#1124,#1125,#1126,#1127));
#396=EDGE_LOOP('',(#1128,#1129,#1130,#1131));
#397=EDGE_LOOP('',(#1132,#1133,#1134,#1135));
#398=EDGE_LOOP('',(#1136,#1137,#1138,#1139));
#399=EDGE_LOOP('',(#1140,#1141,#1142,#1143));
#400=EDGE_LOOP('',(#1144,#1145,#1146,#1147));
#401=EDGE_LOOP('',(#1148,#1149,#1150,#1151));
#402=EDGE_LOOP('',(#1152,#1153,#1154,#1155));
#403=EDGE_LOOP('',(#1156,#1157,#1158,#1159));
#404=EDGE_LOOP('',(#1160,#1161,#1162,#1163));
#405=EDGE_LOOP('',(#1164,#1165,#1166,#1167));
#406=EDGE_LOOP('',(#1168,#1169,#1170,#1171));
#407=EDGE_LOOP('',(#1172,#1173,#1174,#1175));
#408=EDGE_LOOP('',(#1176,#1177,#1178,#1179));
#409=EDGE_LOOP('',(#1180,#1181,#1182,#1183,#1184,#1185,#1186,#1187,#1188,
#1189,#1190,#1191));
#410=EDGE_LOOP('',(#1192));
#411=EDGE_LOOP('',(#1193,#1194,#1195,#1196));
#412=EDGE_LOOP('',(#1197,#1198,#1199,#1200));
#413=EDGE_LOOP('',(#1201,#1202,#1203,#1204));
#414=EDGE_LOOP('',(#1205,#1206,#1207,#1208));
#415=EDGE_LOOP('',(#1209,#1210,#1211,#1212));
#416=EDGE_LOOP('',(#1213,#1214,#1215,#1216));
#417=EDGE_LOOP('',(#1217,#1218,#1219,#1220));
#418=EDGE_LOOP('',(#1221,#1222,#1223,#1224));
#419=EDGE_LOOP('',(#1225,#1226,#1227,#1228,#1229,#1230,#1231,#1232,#1233,
#1234,#1235,#1236));
#420=EDGE_LOOP('',(#1237));
#421=EDGE_LOOP('',(#1238,#1239,#1240,#1241));
#422=EDGE_LOOP('',(#1242));
#423=EDGE_LOOP('',(#1243));
#424=EDGE_LOOP('',(#1244,#1245,#1246,#1247));
#425=EDGE_LOOP('',(#1248,#1249,#1250,#1251,#1252,#1253,#1254,#1255,#1256,
#1257,#1258,#1259));
#426=EDGE_LOOP('',(#1260));
#427=EDGE_LOOP('',(#1261,#1262,#1263,#1264));
#428=EDGE_LOOP('',(#1265,#1266,#1267,#1268,#1269));
#429=EDGE_LOOP('',(#1270,#1271,#1272,#1273,#1274));
#430=EDGE_LOOP('',(#1275));
#431=EDGE_LOOP('',(#1276));
#432=EDGE_LOOP('',(#1277,#1278,#1279,#1280));
#433=EDGE_LOOP('',(#1281));
#434=EDGE_LOOP('',(#1282));
#435=EDGE_LOOP('',(#1283,#1284,#1285,#1286,#1287,#1288,#1289,#1290));
#436=EDGE_LOOP('',(#1291,#1292,#1293,#1294,#1295,#1296,#1297,#1298));
#437=EDGE_LOOP('',(#1299));
#438=EDGE_LOOP('',(#1300,#1301,#1302,#1303));
#439=EDGE_LOOP('',(#1304));
#440=EDGE_LOOP('',(#1305,#1306,#1307,#1308));
#441=EDGE_LOOP('',(#1309,#1310,#1311,#1312,#1313,#1314,#1315,#1316,#1317,
#1318,#1319,#1320));
#442=EDGE_LOOP('',(#1321));
#443=EDGE_LOOP('',(#1322));
#444=EDGE_LOOP('',(#1323,#1324,#1325,#1326));
#445=EDGE_LOOP('',(#1327));
#446=EDGE_LOOP('',(#1328));
#447=LINE('',#2056,#540);
#448=LINE('',#2059,#541);
#449=LINE('',#2062,#542);
#450=LINE('',#2064,#543);
#451=LINE('',#2065,#544);
#452=LINE('',#2071,#545);
#453=LINE('',#2074,#546);
#454=LINE('',#2076,#547);
#455=LINE('',#2077,#548);
#456=LINE('',#2083,#549);
#457=LINE('',#2086,#550);
#458=LINE('',#2088,#551);
#459=LINE('',#2089,#552);
#460=LINE('',#2095,#553);
#461=LINE('',#2097,#554);
#462=LINE('',#2098,#555);
#463=LINE('',#2105,#556);
#464=LINE('',#2108,#557);
#465=LINE('',#2111,#558);
#466=LINE('',#2113,#559);
#467=LINE('',#2114,#560);
#468=LINE('',#2119,#561);
#469=LINE('',#2123,#562);
#470=LINE('',#2125,#563);
#471=LINE('',#2126,#564);
#472=LINE('',#2131,#565);
#473=LINE('',#2135,#566);
#474=LINE('',#2137,#567);
#475=LINE('',#2138,#568);
#476=LINE('',#2143,#569);
#477=LINE('',#2146,#570);
#478=LINE('',#2147,#571);
#479=LINE('',#2153,#572);
#480=LINE('',#2161,#573);
#481=LINE('',#2164,#574);
#482=LINE('',#2167,#575);
#483=LINE('',#2169,#576);
#484=LINE('',#2170,#577);
#485=LINE('',#2175,#578);
#486=LINE('',#2178,#579);
#487=LINE('',#2179,#580);
#488=LINE('',#2185,#581);
#489=LINE('',#2190,#582);
#490=LINE('',#2193,#583);
#491=LINE('',#2204,#584);
#492=LINE('',#2215,#585);
#493=LINE('',#2218,#586);
#494=LINE('',#2223,#587);
#495=LINE('',#2224,#588);
#496=LINE('',#2232,#589);
#497=LINE('',#2238,#590);
#498=LINE('',#2239,#591);
#499=LINE('',#2247,#592);
#500=LINE('',#2253,#593);
#501=LINE('',#2254,#594);
#502=LINE('',#2259,#595);
#503=LINE('',#2260,#596);
#504=LINE('',#2266,#597);
#505=LINE('',#2268,#598);
#506=LINE('',#2269,#599);
#507=LINE('',#2275,#600);
#508=LINE('',#2277,#601);
#509=LINE('',#2278,#602);
#510=LINE('',#2282,#603);
#511=LINE('',#2284,#604);
#512=LINE('',#2286,#605);
#513=LINE('',#2287,#606);
#514=LINE('',#2291,#607);
#515=LINE('',#2293,#608);
#516=LINE('',#2295,#609);
#517=LINE('',#2296,#610);
#518=LINE('',#2300,#611);
#519=LINE('',#2302,#612);
#520=LINE('',#2304,#613);
#521=LINE('',#2305,#614);
#522=LINE('',#2309,#615);
#523=LINE('',#2311,#616);
#524=LINE('',#2313,#617);
#525=LINE('',#2314,#618);
#526=LINE('',#2318,#619);
#527=LINE('',#2320,#620);
#528=LINE('',#2322,#621);
#529=LINE('',#2323,#622);
#530=LINE('',#2327,#623);
#531=LINE('',#2329,#624);
#532=LINE('',#2331,#625);
#533=LINE('',#2332,#626);
#534=LINE('',#2376,#627);
#535=LINE('',#2383,#628);
#536=LINE('',#2392,#629);
#537=LINE('',#2403,#630);
#538=LINE('',#2411,#631);
#539=LINE('',#2418,#632);
#540=VECTOR('',#1625,10.);
#541=VECTOR('',#1628,10.);
#542=VECTOR('',#1631,10.);
#543=VECTOR('',#1632,10.);
#544=VECTOR('',#1633,10.);
#545=VECTOR('',#1640,10.);
#546=VECTOR('',#1643,10.);
#547=VECTOR('',#1644,10.);
#548=VECTOR('',#1645,10.);
#549=VECTOR('',#1652,10.);
#550=VECTOR('',#1655,10.);
#551=VECTOR('',#1656,10.);
#552=VECTOR('',#1657,10.);
#553=VECTOR('',#1664,10.);
#554=VECTOR('',#1667,10.);
#555=VECTOR('',#1668,10.);
#556=VECTOR('',#1675,10.);
#557=VECTOR('',#1678,10.);
#558=VECTOR('',#1681,10.);
#559=VECTOR('',#1682,10.);
#560=VECTOR('',#1683,10.);
#561=VECTOR('',#1688,10.);
#562=VECTOR('',#1693,10.);
#563=VECTOR('',#1694,10.);
#564=VECTOR('',#1695,10.);
#565=VECTOR('',#1700,10.);
#566=VECTOR('',#1705,10.);
#567=VECTOR('',#1706,10.);
#568=VECTOR('',#1707,10.);
#569=VECTOR('',#1712,10.);
#570=VECTOR('',#1717,10.);
#571=VECTOR('',#1718,10.);
#572=VECTOR('',#1725,1.984375);
#573=VECTOR('',#1734,10.);
#574=VECTOR('',#1737,10.);
#575=VECTOR('',#1740,10.);
#576=VECTOR('',#1741,10.);
#577=VECTOR('',#1742,10.);
#578=VECTOR('',#1747,10.);
#579=VECTOR('',#1752,10.);
#580=VECTOR('',#1753,10.);
#581=VECTOR('',#1760,1.2446);
#582=VECTOR('',#1765,3.1196);
#583=VECTOR('',#1770,2.4892);
#584=VECTOR('',#1783,50.3217628339019);
#585=VECTOR('',#1790,10.);
#586=VECTOR('',#1793,10.);
#587=VECTOR('',#1798,10.);
#588=VECTOR('',#1799,10.);
#589=VECTOR('',#1802,10.);
#590=VECTOR('',#1809,10.);
#591=VECTOR('',#1810,10.);
#592=VECTOR('',#1813,10.);
#593=VECTOR('',#1820,10.);
#594=VECTOR('',#1821,10.);
#595=VECTOR('',#1826,10.);
#596=VECTOR('',#1827,10.);
#597=VECTOR('',#1832,10.);
#598=VECTOR('',#1833,10.);
#599=VECTOR('',#1834,10.);
#600=VECTOR('',#1839,10.);
#601=VECTOR('',#1840,10.);
#602=VECTOR('',#1841,10.);
#603=VECTOR('',#1844,10.);
#604=VECTOR('',#1845,10.);
#605=VECTOR('',#1846,10.);
#606=VECTOR('',#1847,10.);
#607=VECTOR('',#1850,10.);
#608=VECTOR('',#1851,10.);
#609=VECTOR('',#1852,10.);
#610=VECTOR('',#1853,10.);
#611=VECTOR('',#1856,10.);
#612=VECTOR('',#1857,10.);
#613=VECTOR('',#1858,10.);
#614=VECTOR('',#1859,10.);
#615=VECTOR('',#1862,10.);
#616=VECTOR('',#1863,10.);
#617=VECTOR('',#1864,10.);
#618=VECTOR('',#1865,10.);
#619=VECTOR('',#1868,10.);
#620=VECTOR('',#1869,10.);
#621=VECTOR('',#1870,10.);
#622=VECTOR('',#1871,10.);
#623=VECTOR('',#1874,10.);
#624=VECTOR('',#1875,10.);
#625=VECTOR('',#1876,10.);
#626=VECTOR('',#1877,10.);
#627=VECTOR('',#1934,4.);
#628=VECTOR('',#1943,5.);
#629=VECTOR('',#1956,5.);
#630=VECTOR('',#1971,2.5);
#631=VECTOR('',#1982,51.3219447309965);
#632=VECTOR('',#1991,50.2435256678039);
#633=CIRCLE('',#1452,8.);
#634=CIRCLE('',#1453,8.);
#635=CIRCLE('',#1456,8.);
#636=CIRCLE('',#1457,8.);
#637=CIRCLE('',#1460,8.);
#638=CIRCLE('',#1461,8.);
#639=CIRCLE('',#1464,8.);
#640=CIRCLE('',#1465,8.);
#641=CIRCLE('',#1469,8.);
#642=CIRCLE('',#1470,8.);
#643=CIRCLE('',#1473,8.);
#644=CIRCLE('',#1474,8.);
#645=CIRCLE('',#1477,8.);
#646=CIRCLE('',#1478,8.);
#647=CIRCLE('',#1481,8.);
#648=CIRCLE('',#1482,8.);
#649=CIRCLE('',#1486,1.984375);
#650=CIRCLE('',#1487,1.984375);
#651=CIRCLE('',#1490,1.984375);
#652=CIRCLE('',#1491,1.984375);
#653=CIRCLE('',#1494,1.984375);
#654=CIRCLE('',#1495,1.984375);
#655=CIRCLE('',#1499,2.4892);
#656=CIRCLE('',#1501,3.75);
#657=CIRCLE('',#1502,2.4892);
#658=CIRCLE('',#1505,48.1589930688008);
#659=CIRCLE('',#1506,2.);
#660=CIRCLE('',#1507,50.1580969816109);
#661=CIRCLE('',#1508,50.1580969816109);
#662=CIRCLE('',#1510,50.5435256678038);
#663=CIRCLE('',#1513,6.35000000000001);
#664=CIRCLE('',#1517,6.35000000000001);
#665=CIRCLE('',#1519,51.209998304404);
#666=CIRCLE('',#1521,6.35000000000001);
#667=CIRCLE('',#1527,51.5941267688132);
#668=CIRCLE('',#1537,6.35);
#669=CIRCLE('',#1538,6.35);
#670=CIRCLE('',#1539,6.35);
#671=CIRCLE('',#1540,6.35);
#672=CIRCLE('',#1541,6.35);
#673=CIRCLE('',#1542,6.35);
#674=CIRCLE('',#1543,5.);
#675=CIRCLE('',#1545,6.35000000000001);
#676=CIRCLE('',#1547,6.35000000000001);
#677=CIRCLE('',#1549,6.35000000000001);
#678=CIRCLE('',#1551,6.35000000000001);
#679=CIRCLE('',#1553,6.35000000000001);
#680=CIRCLE('',#1555,6.35000000000001);
#681=CIRCLE('',#1557,6.35000000000001);
#682=CIRCLE('',#1559,6.35000000000001);
#683=CIRCLE('',#1561,4.);
#684=CIRCLE('',#1563,4.);
#685=CIRCLE('',#1565,5.);
#686=CIRCLE('',#1567,5.);
#687=CIRCLE('',#1569,6.35000000000001);
#688=CIRCLE('',#1572,5.);
#689=CIRCLE('',#1573,5.);
#690=CIRCLE('',#1575,3.4);
#691=CIRCLE('',#1576,1.6);
#692=CIRCLE('',#1578,2.5);
#693=CIRCLE('',#1580,2.49999999999999);
#694=CIRCLE('',#1583,51.65);
#695=CIRCLE('',#1585,50.993889461993);
#696=CIRCLE('',#1587,50.6);
#697=CIRCLE('',#1589,49.8870513356077);
#698=CIRCLE('',#1591,1.6);
#699=CIRCLE('',#1592,1.98433442246801);
#700=CIRCLE('',#1593,1.98433442246801);
#701=CIRCLE('',#1594,2.49999999999999);
#702=CIRCLE('',#1595,11.3207508272453);
#703=CIRCLE('',#1596,51.65);
#704=CIRCLE('',#1597,51.65);
#705=CIRCLE('',#1598,1.984375);
#706=CIRCLE('',#1599,1.984375);
#707=CIRCLE('',#1600,1.984375);
#708=CIRCLE('',#1601,2.4892);
#709=CIRCLE('',#1602,8.);
#710=CIRCLE('',#1603,8.);
#711=CIRCLE('',#1604,8.);
#712=CIRCLE('',#1605,8.);
#713=VERTEX_POINT('',#2052);
#714=VERTEX_POINT('',#2053);
#715=VERTEX_POINT('',#2055);
#716=VERTEX_POINT('',#2057);
#717=VERTEX_POINT('',#2061);
#718=VERTEX_POINT('',#2063);
#719=VERTEX_POINT('',#2067);
#720=VERTEX_POINT('',#2069);
#721=VERTEX_POINT('',#2073);
#722=VERTEX_POINT('',#2075);
#723=VERTEX_POINT('',#2079);
#724=VERTEX_POINT('',#2081);
#725=VERTEX_POINT('',#2085);
#726=VERTEX_POINT('',#2087);
#727=VERTEX_POINT('',#2091);
#728=VERTEX_POINT('',#2093);
#729=VERTEX_POINT('',#2101);
#730=VERTEX_POINT('',#2102);
#731=VERTEX_POINT('',#2104);
#732=VERTEX_POINT('',#2106);
#733=VERTEX_POINT('',#2110);
#734=VERTEX_POINT('',#2112);
#735=VERTEX_POINT('',#2116);
#736=VERTEX_POINT('',#2118);
#737=VERTEX_POINT('',#2122);
#738=VERTEX_POINT('',#2124);
#739=VERTEX_POINT('',#2128);
#740=VERTEX_POINT('',#2130);
#741=VERTEX_POINT('',#2134);
#742=VERTEX_POINT('',#2136);
#743=VERTEX_POINT('',#2140);
#744=VERTEX_POINT('',#2142);
#745=VERTEX_POINT('',#2150);
#746=VERTEX_POINT('',#2152);
#747=VERTEX_POINT('',#2157);
#748=VERTEX_POINT('',#2158);
#749=VERTEX_POINT('',#2160);
#750=VERTEX_POINT('',#2162);
#751=VERTEX_POINT('',#2166);
#752=VERTEX_POINT('',#2168);
#753=VERTEX_POINT('',#2172);
#754=VERTEX_POINT('',#2174);
#755=VERTEX_POINT('',#2182);
#756=VERTEX_POINT('',#2184);
#757=VERTEX_POINT('',#2187);
#758=VERTEX_POINT('',#2189);
#759=VERTEX_POINT('',#2195);
#760=VERTEX_POINT('',#2197);
#761=VERTEX_POINT('',#2199);
#762=VERTEX_POINT('',#2203);
#763=VERTEX_POINT('',#2208);
#764=VERTEX_POINT('',#2209);
#765=VERTEX_POINT('',#2214);
#766=VERTEX_POINT('',#2216);
#767=VERTEX_POINT('',#2220);
#768=VERTEX_POINT('',#2222);
#769=VERTEX_POINT('',#2226);
#770=VERTEX_POINT('',#2231);
#771=VERTEX_POINT('',#2235);
#772=VERTEX_POINT('',#2237);
#773=VERTEX_POINT('',#2241);
#774=VERTEX_POINT('',#2246);
#775=VERTEX_POINT('',#2250);
#776=VERTEX_POINT('',#2252);
#777=VERTEX_POINT('',#2256);
#778=VERTEX_POINT('',#2258);
#779=VERTEX_POINT('',#2262);
#780=VERTEX_POINT('',#2263);
#781=VERTEX_POINT('',#2265);
#782=VERTEX_POINT('',#2267);
#783=VERTEX_POINT('',#2271);
#784=VERTEX_POINT('',#2272);
#785=VERTEX_POINT('',#2274);
#786=VERTEX_POINT('',#2276);
#787=VERTEX_POINT('',#2280);
#788=VERTEX_POINT('',#2281);
#789=VERTEX_POINT('',#2283);
#790=VERTEX_POINT('',#2285);
#791=VERTEX_POINT('',#2289);
#792=VERTEX_POINT('',#2290);
#793=VERTEX_POINT('',#2292);
#794=VERTEX_POINT('',#2294);
#795=VERTEX_POINT('',#2298);
#796=VERTEX_POINT('',#2299);
#797=VERTEX_POINT('',#2301);
#798=VERTEX_POINT('',#2303);
#799=VERTEX_POINT('',#2307);
#800=VERTEX_POINT('',#2308);
#801=VERTEX_POINT('',#2310);
#802=VERTEX_POINT('',#2312);
#803=VERTEX_POINT('',#2316);
#804=VERTEX_POINT('',#2317);
#805=VERTEX_POINT('',#2319);
#806=VERTEX_POINT('',#2321);
#807=VERTEX_POINT('',#2325);
#808=VERTEX_POINT('',#2326);
#809=VERTEX_POINT('',#2328);
#810=VERTEX_POINT('',#2330);
#811=VERTEX_POINT('',#2340);
#812=VERTEX_POINT('',#2371);
#813=VERTEX_POINT('',#2374);
#814=VERTEX_POINT('',#2378);
#815=VERTEX_POINT('',#2381);
#816=VERTEX_POINT('',#2388);
#817=VERTEX_POINT('',#2389);
#818=VERTEX_POINT('',#2394);
#819=VERTEX_POINT('',#2398);
#820=VERTEX_POINT('',#2401);
#821=VERTEX_POINT('',#2406);
#822=VERTEX_POINT('',#2409);
#823=VERTEX_POINT('',#2413);
#824=VERTEX_POINT('',#2416);
#825=EDGE_CURVE('',#713,#714,#633,.T.);
#826=EDGE_CURVE('',#713,#715,#447,.T.);
#827=EDGE_CURVE('',#716,#715,#634,.T.);
#828=EDGE_CURVE('',#714,#716,#448,.T.);
#829=EDGE_CURVE('',#714,#717,#449,.T.);
#830=EDGE_CURVE('',#718,#716,#450,.T.);
#831=EDGE_CURVE('',#717,#718,#451,.T.);
#832=EDGE_CURVE('',#717,#719,#635,.T.);
#833=EDGE_CURVE('',#720,#718,#636,.T.);
#834=EDGE_CURVE('',#719,#720,#452,.T.);
#835=EDGE_CURVE('',#719,#721,#453,.T.);
#836=EDGE_CURVE('',#722,#720,#454,.T.);
#837=EDGE_CURVE('',#721,#722,#455,.T.);
#838=EDGE_CURVE('',#721,#723,#637,.T.);
#839=EDGE_CURVE('',#724,#722,#638,.T.);
#840=EDGE_CURVE('',#723,#724,#456,.T.);
#841=EDGE_CURVE('',#723,#725,#457,.T.);
#842=EDGE_CURVE('',#726,#724,#458,.T.);
#843=EDGE_CURVE('',#725,#726,#459,.T.);
#844=EDGE_CURVE('',#725,#727,#639,.T.);
#845=EDGE_CURVE('',#728,#726,#640,.T.);
#846=EDGE_CURVE('',#727,#728,#460,.T.);
#847=EDGE_CURVE('',#727,#713,#461,.T.);
#848=EDGE_CURVE('',#715,#728,#462,.T.);
#849=EDGE_CURVE('',#729,#730,#641,.T.);
#850=EDGE_CURVE('',#729,#731,#463,.T.);
#851=EDGE_CURVE('',#731,#732,#642,.T.);
#852=EDGE_CURVE('',#730,#732,#464,.T.);
#853=EDGE_CURVE('',#733,#729,#465,.T.);
#854=EDGE_CURVE('',#733,#734,#466,.T.);
#855=EDGE_CURVE('',#734,#731,#467,.T.);
#856=EDGE_CURVE('',#735,#733,#643,.T.);
#857=EDGE_CURVE('',#735,#736,#468,.T.);
#858=EDGE_CURVE('',#736,#734,#644,.T.);
#859=EDGE_CURVE('',#737,#735,#469,.T.);
#860=EDGE_CURVE('',#737,#738,#470,.T.);
#861=EDGE_CURVE('',#738,#736,#471,.T.);
#862=EDGE_CURVE('',#739,#737,#645,.T.);
#863=EDGE_CURVE('',#739,#740,#472,.T.);
#864=EDGE_CURVE('',#740,#738,#646,.T.);
#865=EDGE_CURVE('',#741,#739,#473,.T.);
#866=EDGE_CURVE('',#741,#742,#474,.T.);
#867=EDGE_CURVE('',#742,#740,#475,.T.);
#868=EDGE_CURVE('',#743,#741,#647,.T.);
#869=EDGE_CURVE('',#743,#744,#476,.T.);
#870=EDGE_CURVE('',#744,#742,#648,.T.);
#871=EDGE_CURVE('',#730,#743,#477,.T.);
#872=EDGE_CURVE('',#732,#744,#478,.T.);
#873=EDGE_CURVE('',#745,#745,#649,.T.);
#874=EDGE_CURVE('',#745,#746,#479,.T.);
#875=EDGE_CURVE('',#746,#746,#650,.T.);
#876=EDGE_CURVE('',#747,#748,#651,.T.);
#877=EDGE_CURVE('',#747,#749,#480,.T.);
#878=EDGE_CURVE('',#749,#750,#652,.T.);
#879=EDGE_CURVE('',#748,#750,#481,.T.);
#880=EDGE_CURVE('',#751,#747,#482,.T.);
#881=EDGE_CURVE('',#751,#752,#483,.T.);
#882=EDGE_CURVE('',#752,#749,#484,.T.);
#883=EDGE_CURVE('',#753,#751,#653,.T.);
#884=EDGE_CURVE('',#753,#754,#485,.T.);
#885=EDGE_CURVE('',#754,#752,#654,.T.);
#886=EDGE_CURVE('',#748,#753,#486,.T.);
#887=EDGE_CURVE('',#750,#754,#487,.T.);
#888=EDGE_CURVE('',#755,#755,#655,.T.);
#889=EDGE_CURVE('',#755,#756,#488,.T.);
#890=EDGE_CURVE('',#757,#757,#656,.T.);
#891=EDGE_CURVE('',#757,#758,#489,.T.);
#892=EDGE_CURVE('',#758,#758,#657,.T.);
#893=EDGE_CURVE('',#758,#755,#490,.T.);
#894=EDGE_CURVE('',#759,#759,#658,.T.);
#895=EDGE_CURVE('',#759,#760,#659,.T.);
#896=EDGE_CURVE('',#760,#761,#660,.T.);
#897=EDGE_CURVE('',#761,#760,#661,.T.);
#898=EDGE_CURVE('',#761,#762,#491,.T.);
#899=EDGE_CURVE('',#762,#762,#662,.T.);
#900=EDGE_CURVE('',#763,#764,#123,.T.);
#901=EDGE_CURVE('',#763,#765,#492,.T.);
#902=EDGE_CURVE('',#766,#765,#663,.T.);
#903=EDGE_CURVE('',#766,#764,#493,.T.);
#904=EDGE_CURVE('',#767,#763,#119,.T.);
#905=EDGE_CURVE('',#768,#767,#494,.T.);
#906=EDGE_CURVE('',#765,#768,#495,.T.);
#907=EDGE_CURVE('',#769,#767,#124,.T.);
#908=EDGE_CURVE('',#769,#770,#496,.T.);
#909=EDGE_CURVE('',#768,#770,#664,.T.);
#910=EDGE_CURVE('',#771,#769,#665,.T.);
#911=EDGE_CURVE('',#772,#771,#497,.T.);
#912=EDGE_CURVE('',#770,#772,#498,.T.);
#913=EDGE_CURVE('',#773,#771,#125,.T.);
#914=EDGE_CURVE('',#773,#774,#499,.T.);
#915=EDGE_CURVE('',#772,#774,#666,.T.);
#916=EDGE_CURVE('',#775,#773,#120,.T.);
#917=EDGE_CURVE('',#776,#775,#500,.T.);
#918=EDGE_CURVE('',#774,#776,#501,.T.);
#919=EDGE_CURVE('',#764,#777,#121,.T.);
#920=EDGE_CURVE('',#778,#766,#502,.T.);
#921=EDGE_CURVE('',#777,#778,#503,.T.);
#922=EDGE_CURVE('',#779,#780,#667,.T.);
#923=EDGE_CURVE('',#781,#779,#504,.T.);
#924=EDGE_CURVE('',#782,#781,#505,.T.);
#925=EDGE_CURVE('',#780,#782,#506,.T.);
#926=EDGE_CURVE('',#783,#784,#122,.T.);
#927=EDGE_CURVE('',#785,#783,#507,.T.);
#928=EDGE_CURVE('',#786,#785,#508,.T.);
#929=EDGE_CURVE('',#784,#786,#509,.T.);
#930=EDGE_CURVE('',#787,#788,#510,.T.);
#931=EDGE_CURVE('',#789,#787,#511,.T.);
#932=EDGE_CURVE('',#790,#789,#512,.T.);
#933=EDGE_CURVE('',#788,#790,#513,.T.);
#934=EDGE_CURVE('',#791,#792,#514,.T.);
#935=EDGE_CURVE('',#793,#791,#515,.T.);
#936=EDGE_CURVE('',#794,#793,#516,.T.);
#937=EDGE_CURVE('',#792,#794,#517,.T.);
#938=EDGE_CURVE('',#795,#796,#518,.T.);
#939=EDGE_CURVE('',#797,#795,#519,.T.);
#940=EDGE_CURVE('',#798,#797,#520,.T.);
#941=EDGE_CURVE('',#796,#798,#521,.T.);
#942=EDGE_CURVE('',#799,#800,#522,.T.);
#943=EDGE_CURVE('',#801,#799,#523,.T.);
#944=EDGE_CURVE('',#802,#801,#524,.T.);
#945=EDGE_CURVE('',#800,#802,#525,.T.);
#946=EDGE_CURVE('',#803,#804,#526,.T.);
#947=EDGE_CURVE('',#805,#803,#527,.T.);
#948=EDGE_CURVE('',#806,#805,#528,.T.);
#949=EDGE_CURVE('',#804,#806,#529,.T.);
#950=EDGE_CURVE('',#807,#808,#530,.T.);
#951=EDGE_CURVE('',#809,#807,#531,.T.);
#952=EDGE_CURVE('',#810,#809,#532,.T.);
#953=EDGE_CURVE('',#808,#810,#533,.T.);
#954=EDGE_CURVE('',#790,#808,#668,.T.);
#955=EDGE_CURVE('',#810,#804,#669,.T.);
#956=EDGE_CURVE('',#806,#800,#670,.T.);
#957=EDGE_CURVE('',#802,#796,#671,.T.);
#958=EDGE_CURVE('',#798,#792,#672,.T.);
#959=EDGE_CURVE('',#794,#788,#673,.T.);
#960=EDGE_CURVE('',#811,#811,#674,.T.);
#961=EDGE_CURVE('',#789,#807,#675,.T.);
#962=EDGE_CURVE('',#809,#803,#676,.T.);
#963=EDGE_CURVE('',#805,#799,#677,.T.);
#964=EDGE_CURVE('',#801,#795,#678,.T.);
#965=EDGE_CURVE('',#797,#791,#679,.T.);
#966=EDGE_CURVE('',#784,#775,#126,.T.);
#967=EDGE_CURVE('',#776,#786,#680,.T.);
#968=EDGE_CURVE('',#780,#783,#127,.T.);
#969=EDGE_CURVE('',#785,#782,#681,.T.);
#970=EDGE_CURVE('',#777,#779,#128,.T.);
#971=EDGE_CURVE('',#781,#778,#682,.T.);
#972=EDGE_CURVE('',#812,#812,#683,.T.);
#973=EDGE_CURVE('',#813,#813,#684,.T.);
#974=EDGE_CURVE('',#813,#812,#534,.T.);
#975=EDGE_CURVE('',#814,#814,#685,.T.);
#976=EDGE_CURVE('',#815,#815,#686,.T.);
#977=EDGE_CURVE('',#815,#814,#535,.T.);
#978=EDGE_CURVE('',#793,#787,#687,.T.);
#979=EDGE_CURVE('',#816,#817,#688,.T.);
#980=EDGE_CURVE('',#817,#816,#689,.T.);
#981=EDGE_CURVE('',#817,#811,#536,.T.);
#982=EDGE_CURVE('',#818,#818,#690,.T.);
#983=EDGE_CURVE('',#818,#816,#691,.T.);
#984=EDGE_CURVE('',#819,#819,#692,.T.);
#985=EDGE_CURVE('',#820,#820,#693,.T.);
#986=EDGE_CURVE('',#820,#819,#537,.T.);
#987=EDGE_CURVE('',#821,#821,#694,.T.);
#988=EDGE_CURVE('',#822,#822,#695,.T.);
#989=EDGE_CURVE('',#822,#821,#538,.T.);
#990=EDGE_CURVE('',#823,#823,#696,.T.);
#991=EDGE_CURVE('',#824,#824,#697,.T.);
#992=EDGE_CURVE('',#824,#823,#539,.T.);
#993=ORIENTED_EDGE('',*,*,#825,.F.);
#994=ORIENTED_EDGE('',*,*,#826,.T.);
#995=ORIENTED_EDGE('',*,*,#827,.F.);
#996=ORIENTED_EDGE('',*,*,#828,.F.);
#997=ORIENTED_EDGE('',*,*,#829,.F.);
#998=ORIENTED_EDGE('',*,*,#828,.T.);
#999=ORIENTED_EDGE('',*,*,#830,.F.);
#1000=ORIENTED_EDGE('',*,*,#831,.F.);
#1001=ORIENTED_EDGE('',*,*,#832,.F.);
#1002=ORIENTED_EDGE('',*,*,#831,.T.);
#1003=ORIENTED_EDGE('',*,*,#833,.F.);
#1004=ORIENTED_EDGE('',*,*,#834,.F.);
#1005=ORIENTED_EDGE('',*,*,#835,.F.);
#1006=ORIENTED_EDGE('',*,*,#834,.T.);
#1007=ORIENTED_EDGE('',*,*,#836,.F.);
#1008=ORIENTED_EDGE('',*,*,#837,.F.);
#1009=ORIENTED_EDGE('',*,*,#838,.F.);
#1010=ORIENTED_EDGE('',*,*,#837,.T.);
#1011=ORIENTED_EDGE('',*,*,#839,.F.);
#1012=ORIENTED_EDGE('',*,*,#840,.F.);
#1013=ORIENTED_EDGE('',*,*,#841,.F.);
#1014=ORIENTED_EDGE('',*,*,#840,.T.);
#1015=ORIENTED_EDGE('',*,*,#842,.F.);
#1016=ORIENTED_EDGE('',*,*,#843,.F.);
#1017=ORIENTED_EDGE('',*,*,#844,.F.);
#1018=ORIENTED_EDGE('',*,*,#843,.T.);
#1019=ORIENTED_EDGE('',*,*,#845,.F.);
#1020=ORIENTED_EDGE('',*,*,#846,.F.);
#1021=ORIENTED_EDGE('',*,*,#847,.F.);
#1022=ORIENTED_EDGE('',*,*,#846,.T.);
#1023=ORIENTED_EDGE('',*,*,#848,.F.);
#1024=ORIENTED_EDGE('',*,*,#826,.F.);
#1025=ORIENTED_EDGE('',*,*,#848,.T.);
#1026=ORIENTED_EDGE('',*,*,#845,.T.);
#1027=ORIENTED_EDGE('',*,*,#842,.T.);
#1028=ORIENTED_EDGE('',*,*,#839,.T.);
#1029=ORIENTED_EDGE('',*,*,#836,.T.);
#1030=ORIENTED_EDGE('',*,*,#833,.T.);
#1031=ORIENTED_EDGE('',*,*,#830,.T.);
#1032=ORIENTED_EDGE('',*,*,#827,.T.);
#1033=ORIENTED_EDGE('',*,*,#849,.F.);
#1034=ORIENTED_EDGE('',*,*,#850,.T.);
#1035=ORIENTED_EDGE('',*,*,#851,.T.);
#1036=ORIENTED_EDGE('',*,*,#852,.F.);
#1037=ORIENTED_EDGE('',*,*,#853,.F.);
#1038=ORIENTED_EDGE('',*,*,#854,.T.);
#1039=ORIENTED_EDGE('',*,*,#855,.T.);
#1040=ORIENTED_EDGE('',*,*,#850,.F.);
#1041=ORIENTED_EDGE('',*,*,#856,.F.);
#1042=ORIENTED_EDGE('',*,*,#857,.T.);
#1043=ORIENTED_EDGE('',*,*,#858,.T.);
#1044=ORIENTED_EDGE('',*,*,#854,.F.);
#1045=ORIENTED_EDGE('',*,*,#859,.F.);
#1046=ORIENTED_EDGE('',*,*,#860,.T.);
#1047=ORIENTED_EDGE('',*,*,#861,.T.);
#1048=ORIENTED_EDGE('',*,*,#857,.F.);
#1049=ORIENTED_EDGE('',*,*,#862,.F.);
#1050=ORIENTED_EDGE('',*,*,#863,.T.);
#1051=ORIENTED_EDGE('',*,*,#864,.T.);
#1052=ORIENTED_EDGE('',*,*,#860,.F.);
#1053=ORIENTED_EDGE('',*,*,#865,.F.);
#1054=ORIENTED_EDGE('',*,*,#866,.T.);
#1055=ORIENTED_EDGE('',*,*,#867,.T.);
#1056=ORIENTED_EDGE('',*,*,#863,.F.);
#1057=ORIENTED_EDGE('',*,*,#868,.F.);
#1058=ORIENTED_EDGE('',*,*,#869,.T.);
#1059=ORIENTED_EDGE('',*,*,#870,.T.);
#1060=ORIENTED_EDGE('',*,*,#866,.F.);
#1061=ORIENTED_EDGE('',*,*,#871,.F.);
#1062=ORIENTED_EDGE('',*,*,#852,.T.);
#1063=ORIENTED_EDGE('',*,*,#872,.T.);
#1064=ORIENTED_EDGE('',*,*,#869,.F.);
#1065=ORIENTED_EDGE('',*,*,#872,.F.);
#1066=ORIENTED_EDGE('',*,*,#851,.F.);
#1067=ORIENTED_EDGE('',*,*,#855,.F.);
#1068=ORIENTED_EDGE('',*,*,#858,.F.);
#1069=ORIENTED_EDGE('',*,*,#861,.F.);
#1070=ORIENTED_EDGE('',*,*,#864,.F.);
#1071=ORIENTED_EDGE('',*,*,#867,.F.);
#1072=ORIENTED_EDGE('',*,*,#870,.F.);
#1073=ORIENTED_EDGE('',*,*,#873,.F.);
#1074=ORIENTED_EDGE('',*,*,#874,.T.);
#1075=ORIENTED_EDGE('',*,*,#875,.T.);
#1076=ORIENTED_EDGE('',*,*,#874,.F.);
#1077=ORIENTED_EDGE('',*,*,#875,.F.);
#1078=ORIENTED_EDGE('',*,*,#876,.F.);
#1079=ORIENTED_EDGE('',*,*,#877,.T.);
#1080=ORIENTED_EDGE('',*,*,#878,.T.);
#1081=ORIENTED_EDGE('',*,*,#879,.F.);
#1082=ORIENTED_EDGE('',*,*,#880,.F.);
#1083=ORIENTED_EDGE('',*,*,#881,.T.);
#1084=ORIENTED_EDGE('',*,*,#882,.T.);
#1085=ORIENTED_EDGE('',*,*,#877,.F.);
#1086=ORIENTED_EDGE('',*,*,#883,.F.);
#1087=ORIENTED_EDGE('',*,*,#884,.T.);
#1088=ORIENTED_EDGE('',*,*,#885,.T.);
#1089=ORIENTED_EDGE('',*,*,#881,.F.);
#1090=ORIENTED_EDGE('',*,*,#886,.F.);
#1091=ORIENTED_EDGE('',*,*,#879,.T.);
#1092=ORIENTED_EDGE('',*,*,#887,.T.);
#1093=ORIENTED_EDGE('',*,*,#884,.F.);
#1094=ORIENTED_EDGE('',*,*,#887,.F.);
#1095=ORIENTED_EDGE('',*,*,#878,.F.);
#1096=ORIENTED_EDGE('',*,*,#882,.F.);
#1097=ORIENTED_EDGE('',*,*,#885,.F.);
#1098=ORIENTED_EDGE('',*,*,#888,.T.);
#1099=ORIENTED_EDGE('',*,*,#889,.T.);
#1100=ORIENTED_EDGE('',*,*,#889,.F.);
#1101=ORIENTED_EDGE('',*,*,#890,.F.);
#1102=ORIENTED_EDGE('',*,*,#891,.T.);
#1103=ORIENTED_EDGE('',*,*,#892,.F.);
#1104=ORIENTED_EDGE('',*,*,#891,.F.);
#1105=ORIENTED_EDGE('',*,*,#892,.T.);
#1106=ORIENTED_EDGE('',*,*,#893,.T.);
#1107=ORIENTED_EDGE('',*,*,#888,.F.);
#1108=ORIENTED_EDGE('',*,*,#893,.F.);
#1109=ORIENTED_EDGE('',*,*,#894,.T.);
#1110=ORIENTED_EDGE('',*,*,#895,.T.);
#1111=ORIENTED_EDGE('',*,*,#896,.T.);
#1112=ORIENTED_EDGE('',*,*,#897,.T.);
#1113=ORIENTED_EDGE('',*,*,#895,.F.);
#1114=ORIENTED_EDGE('',*,*,#897,.F.);
#1115=ORIENTED_EDGE('',*,*,#898,.T.);
#1116=ORIENTED_EDGE('',*,*,#899,.T.);
#1117=ORIENTED_EDGE('',*,*,#898,.F.);
#1118=ORIENTED_EDGE('',*,*,#896,.F.);
#1119=ORIENTED_EDGE('',*,*,#894,.F.);
#1120=ORIENTED_EDGE('',*,*,#900,.F.);
#1121=ORIENTED_EDGE('',*,*,#901,.T.);
#1122=ORIENTED_EDGE('',*,*,#902,.F.);
#1123=ORIENTED_EDGE('',*,*,#903,.T.);
#1124=ORIENTED_EDGE('',*,*,#904,.F.);
#1125=ORIENTED_EDGE('',*,*,#905,.F.);
#1126=ORIENTED_EDGE('',*,*,#906,.F.);
#1127=ORIENTED_EDGE('',*,*,#901,.F.);
#1128=ORIENTED_EDGE('',*,*,#907,.F.);
#1129=ORIENTED_EDGE('',*,*,#908,.T.);
#1130=ORIENTED_EDGE('',*,*,#909,.F.);
#1131=ORIENTED_EDGE('',*,*,#905,.T.);
#1132=ORIENTED_EDGE('',*,*,#910,.F.);
#1133=ORIENTED_EDGE('',*,*,#911,.F.);
#1134=ORIENTED_EDGE('',*,*,#912,.F.);
#1135=ORIENTED_EDGE('',*,*,#908,.F.);
#1136=ORIENTED_EDGE('',*,*,#913,.F.);
#1137=ORIENTED_EDGE('',*,*,#914,.T.);
#1138=ORIENTED_EDGE('',*,*,#915,.F.);
#1139=ORIENTED_EDGE('',*,*,#911,.T.);
#1140=ORIENTED_EDGE('',*,*,#916,.F.);
#1141=ORIENTED_EDGE('',*,*,#917,.F.);
#1142=ORIENTED_EDGE('',*,*,#918,.F.);
#1143=ORIENTED_EDGE('',*,*,#914,.F.);
#1144=ORIENTED_EDGE('',*,*,#919,.F.);
#1145=ORIENTED_EDGE('',*,*,#903,.F.);
#1146=ORIENTED_EDGE('',*,*,#920,.F.);
#1147=ORIENTED_EDGE('',*,*,#921,.F.);
#1148=ORIENTED_EDGE('',*,*,#922,.F.);
#1149=ORIENTED_EDGE('',*,*,#923,.F.);
#1150=ORIENTED_EDGE('',*,*,#924,.F.);
#1151=ORIENTED_EDGE('',*,*,#925,.F.);
#1152=ORIENTED_EDGE('',*,*,#926,.F.);
#1153=ORIENTED_EDGE('',*,*,#927,.F.);
#1154=ORIENTED_EDGE('',*,*,#928,.F.);
#1155=ORIENTED_EDGE('',*,*,#929,.F.);
#1156=ORIENTED_EDGE('',*,*,#930,.F.);
#1157=ORIENTED_EDGE('',*,*,#931,.F.);
#1158=ORIENTED_EDGE('',*,*,#932,.F.);
#1159=ORIENTED_EDGE('',*,*,#933,.F.);
#1160=ORIENTED_EDGE('',*,*,#934,.F.);
#1161=ORIENTED_EDGE('',*,*,#935,.F.);
#1162=ORIENTED_EDGE('',*,*,#936,.F.);
#1163=ORIENTED_EDGE('',*,*,#937,.F.);
#1164=ORIENTED_EDGE('',*,*,#938,.F.);
#1165=ORIENTED_EDGE('',*,*,#939,.F.);
#1166=ORIENTED_EDGE('',*,*,#940,.F.);
#1167=ORIENTED_EDGE('',*,*,#941,.F.);
#1168=ORIENTED_EDGE('',*,*,#942,.F.);
#1169=ORIENTED_EDGE('',*,*,#943,.F.);
#1170=ORIENTED_EDGE('',*,*,#944,.F.);
#1171=ORIENTED_EDGE('',*,*,#945,.F.);
#1172=ORIENTED_EDGE('',*,*,#946,.F.);
#1173=ORIENTED_EDGE('',*,*,#947,.F.);
#1174=ORIENTED_EDGE('',*,*,#948,.F.);
#1175=ORIENTED_EDGE('',*,*,#949,.F.);
#1176=ORIENTED_EDGE('',*,*,#950,.F.);
#1177=ORIENTED_EDGE('',*,*,#951,.F.);
#1178=ORIENTED_EDGE('',*,*,#952,.F.);
#1179=ORIENTED_EDGE('',*,*,#953,.F.);
#1180=ORIENTED_EDGE('',*,*,#933,.T.);
#1181=ORIENTED_EDGE('',*,*,#954,.T.);
#1182=ORIENTED_EDGE('',*,*,#953,.T.);
#1183=ORIENTED_EDGE('',*,*,#955,.T.);
#1184=ORIENTED_EDGE('',*,*,#949,.T.);
#1185=ORIENTED_EDGE('',*,*,#956,.T.);
#1186=ORIENTED_EDGE('',*,*,#945,.T.);
#1187=ORIENTED_EDGE('',*,*,#957,.T.);
#1188=ORIENTED_EDGE('',*,*,#941,.T.);
#1189=ORIENTED_EDGE('',*,*,#958,.T.);
#1190=ORIENTED_EDGE('',*,*,#937,.T.);
#1191=ORIENTED_EDGE('',*,*,#959,.T.);
#1192=ORIENTED_EDGE('',*,*,#960,.F.);
#1193=ORIENTED_EDGE('',*,*,#932,.T.);
#1194=ORIENTED_EDGE('',*,*,#961,.T.);
#1195=ORIENTED_EDGE('',*,*,#950,.T.);
#1196=ORIENTED_EDGE('',*,*,#954,.F.);
#1197=ORIENTED_EDGE('',*,*,#946,.T.);
#1198=ORIENTED_EDGE('',*,*,#955,.F.);
#1199=ORIENTED_EDGE('',*,*,#952,.T.);
#1200=ORIENTED_EDGE('',*,*,#962,.T.);
#1201=ORIENTED_EDGE('',*,*,#942,.T.);
#1202=ORIENTED_EDGE('',*,*,#956,.F.);
#1203=ORIENTED_EDGE('',*,*,#948,.T.);
#1204=ORIENTED_EDGE('',*,*,#963,.T.);
#1205=ORIENTED_EDGE('',*,*,#938,.T.);
#1206=ORIENTED_EDGE('',*,*,#957,.F.);
#1207=ORIENTED_EDGE('',*,*,#944,.T.);
#1208=ORIENTED_EDGE('',*,*,#964,.T.);
#1209=ORIENTED_EDGE('',*,*,#934,.T.);
#1210=ORIENTED_EDGE('',*,*,#958,.F.);
#1211=ORIENTED_EDGE('',*,*,#940,.T.);
#1212=ORIENTED_EDGE('',*,*,#965,.T.);
#1213=ORIENTED_EDGE('',*,*,#966,.F.);
#1214=ORIENTED_EDGE('',*,*,#929,.T.);
#1215=ORIENTED_EDGE('',*,*,#967,.F.);
#1216=ORIENTED_EDGE('',*,*,#917,.T.);
#1217=ORIENTED_EDGE('',*,*,#968,.F.);
#1218=ORIENTED_EDGE('',*,*,#925,.T.);
#1219=ORIENTED_EDGE('',*,*,#969,.F.);
#1220=ORIENTED_EDGE('',*,*,#927,.T.);
#1221=ORIENTED_EDGE('',*,*,#970,.F.);
#1222=ORIENTED_EDGE('',*,*,#921,.T.);
#1223=ORIENTED_EDGE('',*,*,#971,.F.);
#1224=ORIENTED_EDGE('',*,*,#923,.T.);
#1225=ORIENTED_EDGE('',*,*,#912,.T.);
#1226=ORIENTED_EDGE('',*,*,#915,.T.);
#1227=ORIENTED_EDGE('',*,*,#918,.T.);
#1228=ORIENTED_EDGE('',*,*,#967,.T.);
#1229=ORIENTED_EDGE('',*,*,#928,.T.);
#1230=ORIENTED_EDGE('',*,*,#969,.T.);
#1231=ORIENTED_EDGE('',*,*,#924,.T.);
#1232=ORIENTED_EDGE('',*,*,#971,.T.);
#1233=ORIENTED_EDGE('',*,*,#920,.T.);
#1234=ORIENTED_EDGE('',*,*,#902,.T.);
#1235=ORIENTED_EDGE('',*,*,#906,.T.);
#1236=ORIENTED_EDGE('',*,*,#909,.T.);
#1237=ORIENTED_EDGE('',*,*,#972,.F.);
#1238=ORIENTED_EDGE('',*,*,#973,.F.);
#1239=ORIENTED_EDGE('',*,*,#974,.T.);
#1240=ORIENTED_EDGE('',*,*,#972,.T.);
#1241=ORIENTED_EDGE('',*,*,#974,.F.);
#1242=ORIENTED_EDGE('',*,*,#975,.F.);
#1243=ORIENTED_EDGE('',*,*,#973,.T.);
#1244=ORIENTED_EDGE('',*,*,#976,.F.);
#1245=ORIENTED_EDGE('',*,*,#977,.T.);
#1246=ORIENTED_EDGE('',*,*,#975,.T.);
#1247=ORIENTED_EDGE('',*,*,#977,.F.);
#1248=ORIENTED_EDGE('',*,*,#931,.T.);
#1249=ORIENTED_EDGE('',*,*,#978,.F.);
#1250=ORIENTED_EDGE('',*,*,#935,.T.);
#1251=ORIENTED_EDGE('',*,*,#965,.F.);
#1252=ORIENTED_EDGE('',*,*,#939,.T.);
#1253=ORIENTED_EDGE('',*,*,#964,.F.);
#1254=ORIENTED_EDGE('',*,*,#943,.T.);
#1255=ORIENTED_EDGE('',*,*,#963,.F.);
#1256=ORIENTED_EDGE('',*,*,#947,.T.);
#1257=ORIENTED_EDGE('',*,*,#962,.F.);
#1258=ORIENTED_EDGE('',*,*,#951,.T.);
#1259=ORIENTED_EDGE('',*,*,#961,.F.);
#1260=ORIENTED_EDGE('',*,*,#976,.T.);
#1261=ORIENTED_EDGE('',*,*,#930,.T.);
#1262=ORIENTED_EDGE('',*,*,#959,.F.);
#1263=ORIENTED_EDGE('',*,*,#936,.T.);
#1264=ORIENTED_EDGE('',*,*,#978,.T.);
#1265=ORIENTED_EDGE('',*,*,#979,.F.);
#1266=ORIENTED_EDGE('',*,*,#980,.F.);
#1267=ORIENTED_EDGE('',*,*,#981,.T.);
#1268=ORIENTED_EDGE('',*,*,#960,.T.);
#1269=ORIENTED_EDGE('',*,*,#981,.F.);
#1270=ORIENTED_EDGE('',*,*,#982,.F.);
#1271=ORIENTED_EDGE('',*,*,#983,.T.);
#1272=ORIENTED_EDGE('',*,*,#979,.T.);
#1273=ORIENTED_EDGE('',*,*,#980,.T.);
#1274=ORIENTED_EDGE('',*,*,#983,.F.);
#1275=ORIENTED_EDGE('',*,*,#982,.T.);
#1276=ORIENTED_EDGE('',*,*,#984,.F.);
#1277=ORIENTED_EDGE('',*,*,#985,.F.);
#1278=ORIENTED_EDGE('',*,*,#986,.T.);
#1279=ORIENTED_EDGE('',*,*,#984,.T.);
#1280=ORIENTED_EDGE('',*,*,#986,.F.);
#1281=ORIENTED_EDGE('',*,*,#985,.T.);
#1282=ORIENTED_EDGE('',*,*,#987,.F.);
#1283=ORIENTED_EDGE('',*,*,#825,.T.);
#1284=ORIENTED_EDGE('',*,*,#829,.T.);
#1285=ORIENTED_EDGE('',*,*,#832,.T.);
#1286=ORIENTED_EDGE('',*,*,#835,.T.);
#1287=ORIENTED_EDGE('',*,*,#838,.T.);
#1288=ORIENTED_EDGE('',*,*,#841,.T.);
#1289=ORIENTED_EDGE('',*,*,#844,.T.);
#1290=ORIENTED_EDGE('',*,*,#847,.T.);
#1291=ORIENTED_EDGE('',*,*,#849,.T.);
#1292=ORIENTED_EDGE('',*,*,#871,.T.);
#1293=ORIENTED_EDGE('',*,*,#868,.T.);
#1294=ORIENTED_EDGE('',*,*,#865,.T.);
#1295=ORIENTED_EDGE('',*,*,#862,.T.);
#1296=ORIENTED_EDGE('',*,*,#859,.T.);
#1297=ORIENTED_EDGE('',*,*,#856,.T.);
#1298=ORIENTED_EDGE('',*,*,#853,.T.);
#1299=ORIENTED_EDGE('',*,*,#873,.T.);
#1300=ORIENTED_EDGE('',*,*,#876,.T.);
#1301=ORIENTED_EDGE('',*,*,#886,.T.);
#1302=ORIENTED_EDGE('',*,*,#883,.T.);
#1303=ORIENTED_EDGE('',*,*,#880,.T.);
#1304=ORIENTED_EDGE('',*,*,#890,.T.);
#1305=ORIENTED_EDGE('',*,*,#988,.F.);
#1306=ORIENTED_EDGE('',*,*,#989,.T.);
#1307=ORIENTED_EDGE('',*,*,#987,.T.);
#1308=ORIENTED_EDGE('',*,*,#989,.F.);
#1309=ORIENTED_EDGE('',*,*,#916,.T.);
#1310=ORIENTED_EDGE('',*,*,#913,.T.);
#1311=ORIENTED_EDGE('',*,*,#910,.T.);
#1312=ORIENTED_EDGE('',*,*,#907,.T.);
#1313=ORIENTED_EDGE('',*,*,#904,.T.);
#1314=ORIENTED_EDGE('',*,*,#900,.T.);
#1315=ORIENTED_EDGE('',*,*,#919,.T.);
#1316=ORIENTED_EDGE('',*,*,#970,.T.);
#1317=ORIENTED_EDGE('',*,*,#922,.T.);
#1318=ORIENTED_EDGE('',*,*,#968,.T.);
#1319=ORIENTED_EDGE('',*,*,#926,.T.);
#1320=ORIENTED_EDGE('',*,*,#966,.T.);
#1321=ORIENTED_EDGE('',*,*,#988,.T.);
#1322=ORIENTED_EDGE('',*,*,#990,.F.);
#1323=ORIENTED_EDGE('',*,*,#991,.F.);
#1324=ORIENTED_EDGE('',*,*,#992,.T.);
#1325=ORIENTED_EDGE('',*,*,#990,.T.);
#1326=ORIENTED_EDGE('',*,*,#992,.F.);
#1327=ORIENTED_EDGE('',*,*,#899,.F.);
#1328=ORIENTED_EDGE('',*,*,#991,.T.);
#1329=CYLINDRICAL_SURFACE('',#1451,8.);
#1330=CYLINDRICAL_SURFACE('',#1455,8.);
#1331=CYLINDRICAL_SURFACE('',#1459,8.);
#1332=CYLINDRICAL_SURFACE('',#1463,8.);
#1333=CYLINDRICAL_SURFACE('',#1468,8.);
#1334=CYLINDRICAL_SURFACE('',#1472,8.);
#1335=CYLINDRICAL_SURFACE('',#1476,8.);
#1336=CYLINDRICAL_SURFACE('',#1480,8.);
#1337=CYLINDRICAL_SURFACE('',#1485,1.984375);
#1338=CYLINDRICAL_SURFACE('',#1489,1.984375);
#1339=CYLINDRICAL_SURFACE('',#1493,1.984375);
#1340=CYLINDRICAL_SURFACE('',#1503,2.4892);
#1341=CYLINDRICAL_SURFACE('',#1512,6.35);
#1342=CYLINDRICAL_SURFACE('',#1516,6.35);
#1343=CYLINDRICAL_SURFACE('',#1520,6.35);
#1344=CYLINDRICAL_SURFACE('',#1544,6.35);
#1345=CYLINDRICAL_SURFACE('',#1546,6.35);
#1346=CYLINDRICAL_SURFACE('',#1548,6.35);
#1347=CYLINDRICAL_SURFACE('',#1550,6.35);
#1348=CYLINDRICAL_SURFACE('',#1552,6.35);
#1349=CYLINDRICAL_SURFACE('',#1554,6.35);
#1350=CYLINDRICAL_SURFACE('',#1556,6.35);
#1351=CYLINDRICAL_SURFACE('',#1558,6.35);
#1352=CYLINDRICAL_SURFACE('',#1562,4.);
#1353=CYLINDRICAL_SURFACE('',#1566,5.);
#1354=CYLINDRICAL_SURFACE('',#1570,6.35);
#1355=CYLINDRICAL_SURFACE('',#1571,5.);
#1356=CYLINDRICAL_SURFACE('',#1579,2.5);
#1357=ADVANCED_FACE('',(#292),#1329,.F.);
#1358=ADVANCED_FACE('',(#293),#256,.T.);
#1359=ADVANCED_FACE('',(#294),#1330,.F.);
#1360=ADVANCED_FACE('',(#295),#257,.T.);
#1361=ADVANCED_FACE('',(#296),#1331,.F.);
#1362=ADVANCED_FACE('',(#297),#258,.T.);
#1363=ADVANCED_FACE('',(#298),#1332,.F.);
#1364=ADVANCED_FACE('',(#299),#259,.T.);
#1365=ADVANCED_FACE('',(#300),#260,.F.);
#1366=ADVANCED_FACE('',(#301),#1333,.F.);
#1367=ADVANCED_FACE('',(#302),#261,.F.);
#1368=ADVANCED_FACE('',(#303),#1334,.F.);
#1369=ADVANCED_FACE('',(#304),#262,.F.);
#1370=ADVANCED_FACE('',(#305),#1335,.F.);
#1371=ADVANCED_FACE('',(#306),#263,.F.);
#1372=ADVANCED_FACE('',(#307),#1336,.F.);
#1373=ADVANCED_FACE('',(#308),#264,.F.);
#1374=ADVANCED_FACE('',(#309),#265,.T.);
#1375=ADVANCED_FACE('',(#310),#1337,.F.);
#1376=ADVANCED_FACE('',(#311),#266,.T.);
#1377=ADVANCED_FACE('',(#312),#1338,.F.);
#1378=ADVANCED_FACE('',(#313),#267,.F.);
#1379=ADVANCED_FACE('',(#314),#1339,.F.);
#1380=ADVANCED_FACE('',(#315),#268,.F.);
#1381=ADVANCED_FACE('',(#316),#269,.T.);
#1382=ADVANCED_FACE('',(#317),#251,.F.);
#1383=ADVANCED_FACE('',(#318),#252,.F.);
#1384=ADVANCED_FACE('',(#319),#1340,.F.);
#1385=ADVANCED_FACE('',(#320),#129,.T.);
#1386=ADVANCED_FACE('',(#321),#253,.T.);
#1387=ADVANCED_FACE('',(#322),#270,.T.);
#1388=ADVANCED_FACE('',(#323),#1341,.T.);
#1389=ADVANCED_FACE('',(#324),#271,.F.);
#1390=ADVANCED_FACE('',(#325),#1342,.T.);
#1391=ADVANCED_FACE('',(#326),#272,.F.);
#1392=ADVANCED_FACE('',(#327),#1343,.T.);
#1393=ADVANCED_FACE('',(#328),#273,.F.);
#1394=ADVANCED_FACE('',(#329),#274,.F.);
#1395=ADVANCED_FACE('',(#330),#275,.F.);
#1396=ADVANCED_FACE('',(#331),#276,.F.);
#1397=ADVANCED_FACE('',(#332),#277,.F.);
#1398=ADVANCED_FACE('',(#333),#278,.F.);
#1399=ADVANCED_FACE('',(#334),#279,.F.);
#1400=ADVANCED_FACE('',(#335),#280,.F.);
#1401=ADVANCED_FACE('',(#336),#281,.F.);
#1402=ADVANCED_FACE('',(#337),#282,.F.);
#1403=ADVANCED_FACE('',(#338,#106),#283,.T.);
#1404=ADVANCED_FACE('',(#339),#1344,.T.);
#1405=ADVANCED_FACE('',(#340),#1345,.T.);
#1406=ADVANCED_FACE('',(#341),#1346,.T.);
#1407=ADVANCED_FACE('',(#342),#1347,.T.);
#1408=ADVANCED_FACE('',(#343),#1348,.T.);
#1409=ADVANCED_FACE('',(#344),#1349,.T.);
#1410=ADVANCED_FACE('',(#345),#1350,.T.);
#1411=ADVANCED_FACE('',(#346),#1351,.T.);
#1412=ADVANCED_FACE('',(#347,#107),#284,.T.);
#1413=ADVANCED_FACE('',(#348),#1352,.T.);
#1414=ADVANCED_FACE('',(#349,#108),#285,.T.);
#1415=ADVANCED_FACE('',(#350),#1353,.T.);
#1416=ADVANCED_FACE('',(#351,#109),#286,.T.);
#1417=ADVANCED_FACE('',(#352),#1354,.T.);
#1418=ADVANCED_FACE('',(#353),#1355,.T.);
#1419=ADVANCED_FACE('',(#354),#130,.T.);
#1420=ADVANCED_FACE('',(#355,#110),#287,.T.);
#1421=ADVANCED_FACE('',(#356),#1356,.T.);
#1422=ADVANCED_FACE('',(#357),#288,.T.);
#1423=ADVANCED_FACE('',(#358,#111,#112,#113,#114,#115),#289,.T.);
#1424=ADVANCED_FACE('',(#359,#116),#254,.T.);
#1425=ADVANCED_FACE('',(#360,#117),#290,.T.);
#1426=ADVANCED_FACE('',(#361),#255,.T.);
#1427=ADVANCED_FACE('',(#362,#118),#291,.T.);
#1428=CLOSED_SHELL('',(#1357,#1358,#1359,#1360,#1361,#1362,#1363,#1364,
#1365,#1366,#1367,#1368,#1369,#1370,#1371,#1372,#1373,#1374,#1375,#1376,
#1377,#1378,#1379,#1380,#1381,#1382,#1383,#1384,#1385,#1386,#1387,#1388,
#1389,#1390,#1391,#1392,#1393,#1394,#1395,#1396,#1397,#1398,#1399,#1400,
#1401,#1402,#1403,#1404,#1405,#1406,#1407,#1408,#1409,#1410,#1411,#1412,
#1413,#1414,#1415,#1416,#1417,#1418,#1419,#1420,#1421,#1422,#1423,#1424,
#1425,#1426,#1427));
#1429=DERIVED_UNIT_ELEMENT(#1432,1.);
#1430=DERIVED_UNIT_ELEMENT(#2575,-3.);
#1431=DIMENSIONAL_EXPONENTS(0.,1.,0.,0.,0.,0.,0.);
#1432=(
CONVERSION_BASED_UNIT('gram',#1434)
MASS_UNIT()
NAMED_UNIT(#1431)
);
#1433=(
MASS_UNIT()
NAMED_UNIT(*)
SI_UNIT(.KILO.,.GRAM.)
);
#1434=MASS_MEASURE_WITH_UNIT(MASS_MEASURE(0.001),#1433);
#1435=DERIVED_UNIT((#1429,#1430));
#1436=MEASURE_REPRESENTATION_ITEM('density measure',
POSITIVE_RATIO_MEASURE(1.),#1435);
#1437=PROPERTY_DEFINITION_REPRESENTATION(#1442,#1439);
#1438=PROPERTY_DEFINITION_REPRESENTATION(#1443,#1440);
#1439=REPRESENTATION('material name',(#1441),#2572);
#1440=REPRESENTATION('density',(#1436),#2572);
#1441=DESCRIPTIVE_REPRESENTATION_ITEM('Generic','Generic');
#1442=PROPERTY_DEFINITION('material property','material name',#2582);
#1443=PROPERTY_DEFINITION('material property','density of part',#2582);
#1444=DATE_TIME_ROLE('creation_date');
#1445=APPLIED_DATE_AND_TIME_ASSIGNMENT(#1446,#1444,(#2582));
#1446=DATE_AND_TIME(#1447,#1448);
#1447=CALENDAR_DATE(2025,6,2);
#1448=LOCAL_TIME(0,0,0.,#1449);
#1449=COORDINATED_UNIVERSAL_TIME_OFFSET(0,0,.BEHIND.);
#1450=AXIS2_PLACEMENT_3D('',#2050,#1619,#1620);
#1451=AXIS2_PLACEMENT_3D('',#2051,#1621,#1622);
#1452=AXIS2_PLACEMENT_3D('',#2054,#1623,#1624);
#1453=AXIS2_PLACEMENT_3D('',#2058,#1626,#1627);
#1454=AXIS2_PLACEMENT_3D('',#2060,#1629,#1630);
#1455=AXIS2_PLACEMENT_3D('',#2066,#1634,#1635);
#1456=AXIS2_PLACEMENT_3D('',#2068,#1636,#1637);
#1457=AXIS2_PLACEMENT_3D('',#2070,#1638,#1639);
#1458=AXIS2_PLACEMENT_3D('',#2072,#1641,#1642);
#1459=AXIS2_PLACEMENT_3D('',#2078,#1646,#1647);
#1460=AXIS2_PLACEMENT_3D('',#2080,#1648,#1649);
#1461=AXIS2_PLACEMENT_3D('',#2082,#1650,#1651);
#1462=AXIS2_PLACEMENT_3D('',#2084,#1653,#1654);
#1463=AXIS2_PLACEMENT_3D('',#2090,#1658,#1659);
#1464=AXIS2_PLACEMENT_3D('',#2092,#1660,#1661);
#1465=AXIS2_PLACEMENT_3D('',#2094,#1662,#1663);
#1466=AXIS2_PLACEMENT_3D('',#2096,#1665,#1666);
#1467=AXIS2_PLACEMENT_3D('',#2099,#1669,#1670);
#1468=AXIS2_PLACEMENT_3D('',#2100,#1671,#1672);
#1469=AXIS2_PLACEMENT_3D('',#2103,#1673,#1674);
#1470=AXIS2_PLACEMENT_3D('',#2107,#1676,#1677);
#1471=AXIS2_PLACEMENT_3D('',#2109,#1679,#1680);
#1472=AXIS2_PLACEMENT_3D('',#2115,#1684,#1685);
#1473=AXIS2_PLACEMENT_3D('',#2117,#1686,#1687);
#1474=AXIS2_PLACEMENT_3D('',#2120,#1689,#1690);
#1475=AXIS2_PLACEMENT_3D('',#2121,#1691,#1692);
#1476=AXIS2_PLACEMENT_3D('',#2127,#1696,#1697);
#1477=AXIS2_PLACEMENT_3D('',#2129,#1698,#1699);
#1478=AXIS2_PLACEMENT_3D('',#2132,#1701,#1702);
#1479=AXIS2_PLACEMENT_3D('',#2133,#1703,#1704);
#1480=AXIS2_PLACEMENT_3D('',#2139,#1708,#1709);
#1481=AXIS2_PLACEMENT_3D('',#2141,#1710,#1711);
#1482=AXIS2_PLACEMENT_3D('',#2144,#1713,#1714);
#1483=AXIS2_PLACEMENT_3D('',#2145,#1715,#1716);
#1484=AXIS2_PLACEMENT_3D('',#2148,#1719,#1720);
#1485=AXIS2_PLACEMENT_3D('',#2149,#1721,#1722);
#1486=AXIS2_PLACEMENT_3D('',#2151,#1723,#1724);
#1487=AXIS2_PLACEMENT_3D('',#2154,#1726,#1727);
#1488=AXIS2_PLACEMENT_3D('',#2155,#1728,#1729);
#1489=AXIS2_PLACEMENT_3D('',#2156,#1730,#1731);
#1490=AXIS2_PLACEMENT_3D('',#2159,#1732,#1733);
#1491=AXIS2_PLACEMENT_3D('',#2163,#1735,#1736);
#1492=AXIS2_PLACEMENT_3D('',#2165,#1738,#1739);
#1493=AXIS2_PLACEMENT_3D('',#2171,#1743,#1744);
#1494=AXIS2_PLACEMENT_3D('',#2173,#1745,#1746);
#1495=AXIS2_PLACEMENT_3D('',#2176,#1748,#1749);
#1496=AXIS2_PLACEMENT_3D('',#2177,#1750,#1751);
#1497=AXIS2_PLACEMENT_3D('',#2180,#1754,#1755);
#1498=AXIS2_PLACEMENT_3D('',#2181,#1756,#1757);
#1499=AXIS2_PLACEMENT_3D('',#2183,#1758,#1759);
#1500=AXIS2_PLACEMENT_3D('',#2186,#1761,#1762);
#1501=AXIS2_PLACEMENT_3D('',#2188,#1763,#1764);
#1502=AXIS2_PLACEMENT_3D('',#2191,#1766,#1767);
#1503=AXIS2_PLACEMENT_3D('',#2192,#1768,#1769);
#1504=AXIS2_PLACEMENT_3D('',#2194,#1771,#1772);
#1505=AXIS2_PLACEMENT_3D('',#2196,#1773,#1774);
#1506=AXIS2_PLACEMENT_3D('',#2198,#1775,#1776);
#1507=AXIS2_PLACEMENT_3D('',#2200,#1777,#1778);
#1508=AXIS2_PLACEMENT_3D('',#2201,#1779,#1780);
#1509=AXIS2_PLACEMENT_3D('',#2202,#1781,#1782);
#1510=AXIS2_PLACEMENT_3D('',#2205,#1784,#1785);
#1511=AXIS2_PLACEMENT_3D('',#2206,#1786,#1787);
#1512=AXIS2_PLACEMENT_3D('',#2207,#1788,#1789);
#1513=AXIS2_PLACEMENT_3D('',#2217,#1791,#1792);
#1514=AXIS2_PLACEMENT_3D('',#2219,#1794,#1795);
#1515=AXIS2_PLACEMENT_3D('',#2221,#1796,#1797);
#1516=AXIS2_PLACEMENT_3D('',#2225,#1800,#1801);
#1517=AXIS2_PLACEMENT_3D('',#2233,#1803,#1804);
#1518=AXIS2_PLACEMENT_3D('',#2234,#1805,#1806);
#1519=AXIS2_PLACEMENT_3D('',#2236,#1807,#1808);
#1520=AXIS2_PLACEMENT_3D('',#2240,#1811,#1812);
#1521=AXIS2_PLACEMENT_3D('',#2248,#1814,#1815);
#1522=AXIS2_PLACEMENT_3D('',#2249,#1816,#1817);
#1523=AXIS2_PLACEMENT_3D('',#2251,#1818,#1819);
#1524=AXIS2_PLACEMENT_3D('',#2255,#1822,#1823);
#1525=AXIS2_PLACEMENT_3D('',#2257,#1824,#1825);
#1526=AXIS2_PLACEMENT_3D('',#2261,#1828,#1829);
#1527=AXIS2_PLACEMENT_3D('',#2264,#1830,#1831);
#1528=AXIS2_PLACEMENT_3D('',#2270,#1835,#1836);
#1529=AXIS2_PLACEMENT_3D('',#2273,#1837,#1838);
#1530=AXIS2_PLACEMENT_3D('',#2279,#1842,#1843);
#1531=AXIS2_PLACEMENT_3D('',#2288,#1848,#1849);
#1532=AXIS2_PLACEMENT_3D('',#2297,#1854,#1855);
#1533=AXIS2_PLACEMENT_3D('',#2306,#1860,#1861);
#1534=AXIS2_PLACEMENT_3D('',#2315,#1866,#1867);
#1535=AXIS2_PLACEMENT_3D('',#2324,#1872,#1873);
#1536=AXIS2_PLACEMENT_3D('',#2333,#1878,#1879);
#1537=AXIS2_PLACEMENT_3D('',#2334,#1880,#1881);
#1538=AXIS2_PLACEMENT_3D('',#2335,#1882,#1883);
#1539=AXIS2_PLACEMENT_3D('',#2336,#1884,#1885);
#1540=AXIS2_PLACEMENT_3D('',#2337,#1886,#1887);
#1541=AXIS2_PLACEMENT_3D('',#2338,#1888,#1889);
#1542=AXIS2_PLACEMENT_3D('',#2339,#1890,#1891);
#1543=AXIS2_PLACEMENT_3D('',#2341,#1892,#1893);
#1544=AXIS2_PLACEMENT_3D('',#2342,#1894,#1895);
#1545=AXIS2_PLACEMENT_3D('',#2343,#1896,#1897);
#1546=AXIS2_PLACEMENT_3D('',#2344,#1898,#1899);
#1547=AXIS2_PLACEMENT_3D('',#2345,#1900,#1901);
#1548=AXIS2_PLACEMENT_3D('',#2346,#1902,#1903);
#1549=AXIS2_PLACEMENT_3D('',#2347,#1904,#1905);
#1550=AXIS2_PLACEMENT_3D('',#2348,#1906,#1907);
#1551=AXIS2_PLACEMENT_3D('',#2349,#1908,#1909);
#1552=AXIS2_PLACEMENT_3D('',#2350,#1910,#1911);
#1553=AXIS2_PLACEMENT_3D('',#2351,#1912,#1913);
#1554=AXIS2_PLACEMENT_3D('',#2352,#1914,#1915);
#1555=AXIS2_PLACEMENT_3D('',#2357,#1916,#1917);
#1556=AXIS2_PLACEMENT_3D('',#2358,#1918,#1919);
#1557=AXIS2_PLACEMENT_3D('',#2363,#1920,#1921);
#1558=AXIS2_PLACEMENT_3D('',#2364,#1922,#1923);
#1559=AXIS2_PLACEMENT_3D('',#2369,#1924,#1925);
#1560=AXIS2_PLACEMENT_3D('',#2370,#1926,#1927);
#1561=AXIS2_PLACEMENT_3D('',#2372,#1928,#1929);
#1562=AXIS2_PLACEMENT_3D('',#2373,#1930,#1931);
#1563=AXIS2_PLACEMENT_3D('',#2375,#1932,#1933);
#1564=AXIS2_PLACEMENT_3D('',#2377,#1935,#1936);
#1565=AXIS2_PLACEMENT_3D('',#2379,#1937,#1938);
#1566=AXIS2_PLACEMENT_3D('',#2380,#1939,#1940);
#1567=AXIS2_PLACEMENT_3D('',#2382,#1941,#1942);
#1568=AXIS2_PLACEMENT_3D('',#2384,#1944,#1945);
#1569=AXIS2_PLACEMENT_3D('',#2385,#1946,#1947);
#1570=AXIS2_PLACEMENT_3D('',#2386,#1948,#1949);
#1571=AXIS2_PLACEMENT_3D('',#2387,#1950,#1951);
#1572=AXIS2_PLACEMENT_3D('',#2390,#1952,#1953);
#1573=AXIS2_PLACEMENT_3D('',#2391,#1954,#1955);
#1574=AXIS2_PLACEMENT_3D('',#2393,#1957,#1958);
#1575=AXIS2_PLACEMENT_3D('',#2395,#1959,#1960);
#1576=AXIS2_PLACEMENT_3D('',#2396,#1961,#1962);
#1577=AXIS2_PLACEMENT_3D('',#2397,#1963,#1964);
#1578=AXIS2_PLACEMENT_3D('',#2399,#1965,#1966);
#1579=AXIS2_PLACEMENT_3D('',#2400,#1967,#1968);
#1580=AXIS2_PLACEMENT_3D('',#2402,#1969,#1970);
#1581=AXIS2_PLACEMENT_3D('',#2404,#1972,#1973);
#1582=AXIS2_PLACEMENT_3D('',#2405,#1974,#1975);
#1583=AXIS2_PLACEMENT_3D('',#2407,#1976,#1977);
#1584=AXIS2_PLACEMENT_3D('',#2408,#1978,#1979);
#1585=AXIS2_PLACEMENT_3D('',#2410,#1980,#1981);
#1586=AXIS2_PLACEMENT_3D('',#2412,#1983,#1984);
#1587=AXIS2_PLACEMENT_3D('',#2414,#1985,#1986);
#1588=AXIS2_PLACEMENT_3D('',#2415,#1987,#1988);
#1589=AXIS2_PLACEMENT_3D('',#2417,#1989,#1990);
#1590=AXIS2_PLACEMENT_3D('',#2419,#1992,#1993);
#1591=AXIS2_PLACEMENT_3D('',#2480,#1994,#1995);
#1592=AXIS2_PLACEMENT_3D('',#2487,#1996,#1997);
#1593=AXIS2_PLACEMENT_3D('',#2490,#1998,#1999);
#1594=AXIS2_PLACEMENT_3D('',#2497,#2000,#2001);
#1595=AXIS2_PLACEMENT_3D('',#2510,#2002,#2003);
#1596=AXIS2_PLACEMENT_3D('',#2513,#2004,#2005);
#1597=AXIS2_PLACEMENT_3D('',#2516,#2006,#2007);
#1598=AXIS2_PLACEMENT_3D('',#2517,#2008,#2009);
#1599=AXIS2_PLACEMENT_3D('',#2522,#2010,#2011);
#1600=AXIS2_PLACEMENT_3D('',#2525,#2012,#2013);
#1601=AXIS2_PLACEMENT_3D('',#2537,#2014,#2015);
#1602=AXIS2_PLACEMENT_3D('',#2540,#2016,#2017);
#1603=AXIS2_PLACEMENT_3D('',#2543,#2018,#2019);
#1604=AXIS2_PLACEMENT_3D('',#2546,#2020,#2021);
#1605=AXIS2_PLACEMENT_3D('',#2549,#2022,#2023);
#1606=AXIS2_PLACEMENT_3D('view reference',#2553,#2024,#2025);
#1607=AXIS2_PLACEMENT_3D('view window',#2554,#2026,#2027);
#1608=AXIS2_PLACEMENT_3D('view reference',#2556,#2028,#2029);
#1609=AXIS2_PLACEMENT_3D('view window',#2557,#2030,#2031);
#1610=AXIS2_PLACEMENT_3D('view reference',#2559,#2032,#2033);
#1611=AXIS2_PLACEMENT_3D('view window',#2560,#2034,#2035);
#1612=AXIS2_PLACEMENT_3D('view reference',#2562,#2036,#2037);
#1613=AXIS2_PLACEMENT_3D('view window',#2563,#2038,#2039);
#1614=AXIS2_PLACEMENT_3D('',#2565,#2040,#2041);
#1615=AXIS2_PLACEMENT_3D('',#2566,#2042,#2043);
#1616=AXIS2_PLACEMENT_3D('',#2567,#2044,#2045);
#1617=AXIS2_PLACEMENT_3D('',#2568,#2046,#2047);
#1618=AXIS2_PLACEMENT_3D('',#2569,#2048,#2049);
#1619=DIRECTION('axis',(0.,0.,1.));
#1620=DIRECTION('refdir',(1.,0.,0.));
#1621=DIRECTION('center_axis',(0.,-1.,0.));
#1622=DIRECTION('ref_axis',(1.,0.,0.));
#1623=DIRECTION('center_axis',(0.,1.,0.));
#1624=DIRECTION('ref_axis',(1.,0.,0.));
#1625=DIRECTION('',(0.,1.,0.));
#1626=DIRECTION('center_axis',(0.,-1.,0.));
#1627=DIRECTION('ref_axis',(1.,0.,0.));
#1628=DIRECTION('',(0.,1.,0.));
#1629=DIRECTION('center_axis',(0.,0.,1.));
#1630=DIRECTION('ref_axis',(1.,0.,0.));
#1631=DIRECTION('',(-1.,0.,0.));
#1632=DIRECTION('',(1.,0.,0.));
#1633=DIRECTION('',(0.,1.,0.));
#1634=DIRECTION('center_axis',(0.,-1.,0.));
#1635=DIRECTION('ref_axis',(0.,0.,-1.));
#1636=DIRECTION('center_axis',(0.,1.,0.));
#1637=DIRECTION('ref_axis',(0.,0.,-1.));
#1638=DIRECTION('center_axis',(0.,-1.,0.));
#1639=DIRECTION('ref_axis',(0.,0.,-1.));
#1640=DIRECTION('',(0.,1.,0.));
#1641=DIRECTION('center_axis',(1.,0.,0.));
#1642=DIRECTION('ref_axis',(0.,0.,-1.));
#1643=DIRECTION('',(0.,0.,1.));
#1644=DIRECTION('',(0.,0.,-1.));
#1645=DIRECTION('',(0.,1.,0.));
#1646=DIRECTION('center_axis',(0.,-1.,0.));
#1647=DIRECTION('ref_axis',(-1.,0.,2.77555756156289E-16));
#1648=DIRECTION('center_axis',(0.,1.,0.));
#1649=DIRECTION('ref_axis',(-1.,0.,2.77555756156289E-16));
#1650=DIRECTION('center_axis',(0.,-1.,0.));
#1651=DIRECTION('ref_axis',(-1.,0.,2.77555756156289E-16));
#1652=DIRECTION('',(0.,1.,0.));
#1653=DIRECTION('center_axis',(0.,0.,-1.));
#1654=DIRECTION('ref_axis',(-1.,0.,0.));
#1655=DIRECTION('',(1.,0.,0.));
#1656=DIRECTION('',(-1.,0.,0.));
#1657=DIRECTION('',(0.,1.,0.));
#1658=DIRECTION('center_axis',(0.,-1.,0.));
#1659=DIRECTION('ref_axis',(0.,0.,1.));
#1660=DIRECTION('center_axis',(0.,1.,0.));
#1661=DIRECTION('ref_axis',(0.,0.,1.));
#1662=DIRECTION('center_axis',(0.,-1.,0.));
#1663=DIRECTION('ref_axis',(0.,0.,1.));
#1664=DIRECTION('',(0.,1.,0.));
#1665=DIRECTION('center_axis',(-1.,0.,0.));
#1666=DIRECTION('ref_axis',(0.,0.,1.));
#1667=DIRECTION('',(0.,0.,-1.));
#1668=DIRECTION('',(0.,0.,1.));
#1669=DIRECTION('center_axis',(0.,1.,0.));
#1670=DIRECTION('ref_axis',(0.,0.,1.));
#1671=DIRECTION('center_axis',(0.,1.,0.));
#1672=DIRECTION('ref_axis',(1.,0.,0.));
#1673=DIRECTION('center_axis',(0.,1.,0.));
#1674=DIRECTION('ref_axis',(1.,0.,0.));
#1675=DIRECTION('',(0.,1.,0.));
#1676=DIRECTION('center_axis',(0.,1.,0.));
#1677=DIRECTION('ref_axis',(1.,0.,0.));
#1678=DIRECTION('',(0.,1.,0.));
#1679=DIRECTION('center_axis',(0.,0.,1.));
#1680=DIRECTION('ref_axis',(1.,0.,0.));
#1681=DIRECTION('',(1.,0.,0.));
#1682=DIRECTION('',(0.,1.,0.));
#1683=DIRECTION('',(1.,0.,0.));
#1684=DIRECTION('center_axis',(0.,1.,0.));
#1685=DIRECTION('ref_axis',(0.,0.,1.));
#1686=DIRECTION('center_axis',(0.,1.,0.));
#1687=DIRECTION('ref_axis',(0.,0.,1.));
#1688=DIRECTION('',(0.,1.,0.));
#1689=DIRECTION('center_axis',(0.,1.,0.));
#1690=DIRECTION('ref_axis',(0.,0.,1.));
#1691=DIRECTION('center_axis',(-1.,0.,0.));
#1692=DIRECTION('ref_axis',(0.,0.,1.));
#1693=DIRECTION('',(0.,0.,1.));
#1694=DIRECTION('',(0.,1.,0.));
#1695=DIRECTION('',(0.,0.,1.));
#1696=DIRECTION('center_axis',(0.,1.,0.));
#1697=DIRECTION('ref_axis',(-1.,0.,-2.77555756156289E-16));
#1698=DIRECTION('center_axis',(0.,1.,0.));
#1699=DIRECTION('ref_axis',(-1.,0.,-2.77555756156289E-16));
#1700=DIRECTION('',(0.,1.,0.));
#1701=DIRECTION('center_axis',(0.,1.,0.));
#1702=DIRECTION('ref_axis',(-1.,0.,-2.77555756156289E-16));
#1703=DIRECTION('center_axis',(0.,0.,-1.));
#1704=DIRECTION('ref_axis',(-1.,0.,0.));
#1705=DIRECTION('',(-1.,0.,0.));
#1706=DIRECTION('',(0.,1.,0.));
#1707=DIRECTION('',(-1.,0.,0.));
#1708=DIRECTION('center_axis',(0.,1.,0.));
#1709=DIRECTION('ref_axis',(0.,0.,-1.));
#1710=DIRECTION('center_axis',(0.,1.,0.));
#1711=DIRECTION('ref_axis',(0.,0.,-1.));
#1712=DIRECTION('',(0.,1.,0.));
#1713=DIRECTION('center_axis',(0.,1.,0.));
#1714=DIRECTION('ref_axis',(0.,0.,-1.));
#1715=DIRECTION('center_axis',(1.,0.,0.));
#1716=DIRECTION('ref_axis',(0.,0.,-1.));
#1717=DIRECTION('',(0.,0.,-1.));
#1718=DIRECTION('',(0.,0.,-1.));
#1719=DIRECTION('center_axis',(0.,-1.,0.));
#1720=DIRECTION('ref_axis',(0.,0.,-1.));
#1721=DIRECTION('center_axis',(0.,1.,0.));
#1722=DIRECTION('ref_axis',(1.,0.,0.));
#1723=DIRECTION('center_axis',(0.,1.,0.));
#1724=DIRECTION('ref_axis',(1.,0.,0.));
#1725=DIRECTION('',(0.,1.,0.));
#1726=DIRECTION('center_axis',(0.,1.,0.));
#1727=DIRECTION('ref_axis',(1.,0.,0.));
#1728=DIRECTION('center_axis',(0.,-1.,0.));
#1729=DIRECTION('ref_axis',(0.,0.,-1.));
#1730=DIRECTION('center_axis',(0.,1.,0.));
#1731=DIRECTION('ref_axis',(-1.,0.,0.));
#1732=DIRECTION('center_axis',(0.,1.,0.));
#1733=DIRECTION('ref_axis',(-1.,0.,0.));
#1734=DIRECTION('',(0.,1.,0.));
#1735=DIRECTION('center_axis',(0.,1.,0.));
#1736=DIRECTION('ref_axis',(-1.,0.,0.));
#1737=DIRECTION('',(0.,1.,0.));
#1738=DIRECTION('center_axis',(1.,0.,1.85037170770859E-16));
#1739=DIRECTION('ref_axis',(1.85037170770859E-16,0.,-1.));
#1740=DIRECTION('',(1.85037170770859E-16,0.,-1.));
#1741=DIRECTION('',(0.,1.,0.));
#1742=DIRECTION('',(1.85037170770859E-16,0.,-1.));
#1743=DIRECTION('center_axis',(0.,1.,0.));
#1744=DIRECTION('ref_axis',(1.,0.,0.));
#1745=DIRECTION('center_axis',(0.,1.,0.));
#1746=DIRECTION('ref_axis',(1.,0.,0.));
#1747=DIRECTION('',(0.,1.,0.));
#1748=DIRECTION('center_axis',(0.,1.,0.));
#1749=DIRECTION('ref_axis',(1.,0.,0.));
#1750=DIRECTION('center_axis',(-1.,0.,3.70074341541718E-16));
#1751=DIRECTION('ref_axis',(3.70074341541718E-16,0.,1.));
#1752=DIRECTION('',(3.70074341541718E-16,0.,1.));
#1753=DIRECTION('',(3.70074341541718E-16,0.,1.));
#1754=DIRECTION('center_axis',(0.,-1.,0.));
#1755=DIRECTION('ref_axis',(0.,0.,-1.));
#1756=DIRECTION('center_axis',(0.,-1.,0.));
#1757=DIRECTION('ref_axis',(1.,0.,0.));
#1758=DIRECTION('center_axis',(0.,-1.,0.));
#1759=DIRECTION('ref_axis',(1.,0.,0.));
#1760=DIRECTION('',(0.857167300702112,0.515038074910054,1.04972719113862E-16));
#1761=DIRECTION('center_axis',(0.,-1.,0.));
#1762=DIRECTION('ref_axis',(1.,0.,0.));
#1763=DIRECTION('center_axis',(0.,1.,0.));
#1764=DIRECTION('ref_axis',(1.,0.,0.));
#1765=DIRECTION('',(0.707106781186547,0.707106781186548,8.65956056235493E-17));
#1766=DIRECTION('center_axis',(0.,-1.,0.));
#1767=DIRECTION('ref_axis',(1.,0.,0.));
#1768=DIRECTION('center_axis',(0.,-1.,0.));
#1769=DIRECTION('ref_axis',(1.,0.,0.));
#1770=DIRECTION('',(0.,1.,0.));
#1771=DIRECTION('center_axis',(0.,1.,0.));
#1772=DIRECTION('ref_axis',(0.,0.,1.));
#1773=DIRECTION('center_axis',(0.,-1.,0.));
#1774=DIRECTION('ref_axis',(-1.,0.,-1.22464679914735E-16));
#1775=DIRECTION('center_axis',(-1.,0.,1.22464679914735E-16));
#1776=DIRECTION('ref_axis',(-1.22464679914735E-16,0.,-1.));
#1777=DIRECTION('center_axis',(0.,1.,0.));
#1778=DIRECTION('ref_axis',(-1.,0.,0.));
#1779=DIRECTION('center_axis',(0.,1.,0.));
#1780=DIRECTION('ref_axis',(-1.,0.,0.));
#1781=DIRECTION('center_axis',(0.,-1.,0.));
#1782=DIRECTION('ref_axis',(1.,0.,0.));
#1783=DIRECTION('',(-0.0299313622620504,-0.999551956405037,3.66553469883399E-18));
#1784=DIRECTION('center_axis',(0.,1.,0.));
#1785=DIRECTION('ref_axis',(1.,0.,0.));
#1786=DIRECTION('center_axis',(0.,1.,0.));
#1787=DIRECTION('ref_axis',(0.,0.,1.));
#1788=DIRECTION('center_axis',(1.,0.,0.));
#1789=DIRECTION('ref_axis',(0.,-1.,0.));
#1790=DIRECTION('',(1.,0.,0.));
#1791=DIRECTION('center_axis',(1.,0.,0.));
#1792=DIRECTION('ref_axis',(0.,0.,-1.));
#1793=DIRECTION('',(-1.,0.,0.));
#1794=DIRECTION('center_axis',(0.,-0.5,0.866025403784438));
#1795=DIRECTION('ref_axis',(0.,0.866025403784438,0.5));
#1796=DIRECTION('center_axis',(0.,0.5,-0.866025403784438));
#1797=DIRECTION('ref_axis',(-8.6727259859508E-17,0.866025403784438,0.5));
#1798=DIRECTION('',(-1.,0.,0.));
#1799=DIRECTION('',(0.,0.866025403784438,0.5));
#1800=DIRECTION('center_axis',(1.,0.,0.));
#1801=DIRECTION('ref_axis',(0.,-1.,0.));
#1802=DIRECTION('',(1.,0.,0.));
#1803=DIRECTION('center_axis',(1.,0.,0.));
#1804=DIRECTION('ref_axis',(0.,0.,-1.));
#1805=DIRECTION('center_axis',(0.,-1.,-3.49629579342466E-16));
#1806=DIRECTION('ref_axis',(0.,-3.49629579342466E-16,1.));
#1807=DIRECTION('center_axis',(0.,1.,3.49629579342466E-16));
#1808=DIRECTION('ref_axis',(1.,0.,0.));
#1809=DIRECTION('',(-1.,0.,0.));
#1810=DIRECTION('',(0.,-3.49629579342466E-16,1.));
#1811=DIRECTION('center_axis',(1.,0.,0.));
#1812=DIRECTION('ref_axis',(0.,-1.,0.));
#1813=DIRECTION('',(1.,0.,0.));
#1814=DIRECTION('center_axis',(1.,0.,0.));
#1815=DIRECTION('ref_axis',(0.,0.,-1.));
#1816=DIRECTION('center_axis',(0.,-0.5,-0.866025403784439));
#1817=DIRECTION('ref_axis',(0.,-0.866025403784439,0.5));
#1818=DIRECTION('center_axis',(0.,0.5,0.866025403784439));
#1819=DIRECTION('ref_axis',(-2.60181779578524E-16,-0.866025403784439,0.5));
#1820=DIRECTION('',(-1.,0.,0.));
#1821=DIRECTION('',(0.,-0.866025403784439,0.5));
#1822=DIRECTION('center_axis',(0.,0.5,0.866025403784438));
#1823=DIRECTION('ref_axis',(0.,0.866025403784438,-0.5));
#1824=DIRECTION('center_axis',(0.,-0.5,-0.866025403784438));
#1825=DIRECTION('ref_axis',(-5.12643877479375E-16,0.866025403784438,-0.5));
#1826=DIRECTION('',(0.,0.866025403784438,-0.5));
#1827=DIRECTION('',(1.,0.,0.));
#1828=DIRECTION('center_axis',(0.,1.,-1.74814789671233E-16));
#1829=DIRECTION('ref_axis',(0.,-1.74814789671233E-16,-1.));
#1830=DIRECTION('center_axis',(0.,-1.,1.74814789671233E-16));
#1831=DIRECTION('ref_axis',(1.,0.,0.));
#1832=DIRECTION('',(-1.,0.,0.));
#1833=DIRECTION('',(0.,-1.74814789671233E-16,-1.));
#1834=DIRECTION('',(1.,0.,0.));
#1835=DIRECTION('center_axis',(0.,0.5,-0.866025403784439));
#1836=DIRECTION('ref_axis',(0.,-0.866025403784439,-0.5));
#1837=DIRECTION('center_axis',(0.,-0.5,0.866025403784439));
#1838=DIRECTION('ref_axis',(-2.56321938739688E-16,0.866025403784439,0.5));
#1839=DIRECTION('',(-1.,0.,0.));
#1840=DIRECTION('',(0.,-0.866025403784439,-0.5));
#1841=DIRECTION('',(1.,0.,0.));
#1842=DIRECTION('center_axis',(0.,-1.,-3.49629579342466E-16));
#1843=DIRECTION('ref_axis',(0.,-3.49629579342466E-16,1.));
#1844=DIRECTION('',(1.,0.,0.));
#1845=DIRECTION('',(0.,3.49629579342466E-16,-1.));
#1846=DIRECTION('',(-1.,0.,0.));
#1847=DIRECTION('',(0.,-3.49629579342466E-16,1.));
#1848=DIRECTION('center_axis',(0.,-0.5,0.866025403784438));
#1849=DIRECTION('ref_axis',(0.,0.866025403784438,0.5));
#1850=DIRECTION('',(1.,0.,0.));
#1851=DIRECTION('',(0.,-0.866025403784438,-0.5));
#1852=DIRECTION('',(-1.,0.,0.));
#1853=DIRECTION('',(0.,0.866025403784438,0.5));
#1854=DIRECTION('center_axis',(0.,0.5,0.866025403784438));
#1855=DIRECTION('ref_axis',(0.,0.866025403784438,-0.5));
#1856=DIRECTION('',(1.,0.,0.));
#1857=DIRECTION('',(0.,-0.866025403784438,0.5));
#1858=DIRECTION('',(-1.,0.,0.));
#1859=DIRECTION('',(0.,0.866025403784438,-0.5));
#1860=DIRECTION('center_axis',(0.,1.,-1.74814789671233E-16));
#1861=DIRECTION('ref_axis',(0.,-1.74814789671233E-16,-1.));
#1862=DIRECTION('',(1.,0.,0.));
#1863=DIRECTION('',(0.,1.74814789671233E-16,1.));
#1864=DIRECTION('',(-1.,0.,0.));
#1865=DIRECTION('',(0.,-1.74814789671233E-16,-1.));
#1866=DIRECTION('center_axis',(0.,0.5,-0.866025403784439));
#1867=DIRECTION('ref_axis',(0.,-0.866025403784439,-0.5));
#1868=DIRECTION('',(1.,0.,0.));
#1869=DIRECTION('',(0.,0.866025403784439,0.5));
#1870=DIRECTION('',(-1.,0.,0.));
#1871=DIRECTION('',(0.,-0.866025403784439,-0.5));
#1872=DIRECTION('center_axis',(0.,-0.5,-0.866025403784439));
#1873=DIRECTION('ref_axis',(0.,-0.866025403784439,0.5));
#1874=DIRECTION('',(1.,0.,0.));
#1875=DIRECTION('',(0.,0.866025403784439,-0.5));
#1876=DIRECTION('',(-1.,0.,0.));
#1877=DIRECTION('',(0.,-0.866025403784439,0.5));
#1878=DIRECTION('center_axis',(1.,0.,0.));
#1879=DIRECTION('ref_axis',(0.,0.,-1.));
#1880=DIRECTION('center_axis',(1.,0.,0.));
#1881=DIRECTION('ref_axis',(0.,0.,-1.));
#1882=DIRECTION('center_axis',(1.,0.,0.));
#1883=DIRECTION('ref_axis',(0.,0.,-1.));
#1884=DIRECTION('center_axis',(1.,0.,0.));
#1885=DIRECTION('ref_axis',(0.,0.,-1.));
#1886=DIRECTION('center_axis',(1.,0.,0.));
#1887=DIRECTION('ref_axis',(0.,0.,-1.));
#1888=DIRECTION('center_axis',(1.,0.,0.));
#1889=DIRECTION('ref_axis',(0.,0.,-1.));
#1890=DIRECTION('center_axis',(1.,0.,0.));
#1891=DIRECTION('ref_axis',(0.,0.,-1.));
#1892=DIRECTION('center_axis',(1.,0.,0.));
#1893=DIRECTION('ref_axis',(0.,0.,-1.));
#1894=DIRECTION('center_axis',(1.,0.,0.));
#1895=DIRECTION('ref_axis',(0.,-1.,0.));
#1896=DIRECTION('center_axis',(1.,0.,0.));
#1897=DIRECTION('ref_axis',(0.,0.,-1.));
#1898=DIRECTION('center_axis',(1.,0.,0.));
#1899=DIRECTION('ref_axis',(0.,-1.,0.));
#1900=DIRECTION('center_axis',(1.,0.,0.));
#1901=DIRECTION('ref_axis',(0.,0.,-1.));
#1902=DIRECTION('center_axis',(1.,0.,0.));
#1903=DIRECTION('ref_axis',(0.,-1.,0.));
#1904=DIRECTION('center_axis',(1.,0.,0.));
#1905=DIRECTION('ref_axis',(0.,0.,-1.));
#1906=DIRECTION('center_axis',(1.,0.,0.));
#1907=DIRECTION('ref_axis',(0.,-1.,0.));
#1908=DIRECTION('center_axis',(1.,0.,0.));
#1909=DIRECTION('ref_axis',(0.,0.,-1.));
#1910=DIRECTION('center_axis',(1.,0.,0.));
#1911=DIRECTION('ref_axis',(0.,-1.,0.));
#1912=DIRECTION('center_axis',(1.,0.,0.));
#1913=DIRECTION('ref_axis',(0.,0.,-1.));
#1914=DIRECTION('center_axis',(1.,0.,0.));
#1915=DIRECTION('ref_axis',(0.,-1.,0.));
#1916=DIRECTION('center_axis',(1.,0.,0.));
#1917=DIRECTION('ref_axis',(0.,0.,-1.));
#1918=DIRECTION('center_axis',(1.,0.,0.));
#1919=DIRECTION('ref_axis',(0.,-1.,0.));
#1920=DIRECTION('center_axis',(1.,0.,0.));
#1921=DIRECTION('ref_axis',(0.,0.,-1.));
#1922=DIRECTION('center_axis',(1.,0.,0.));
#1923=DIRECTION('ref_axis',(0.,-1.,0.));
#1924=DIRECTION('center_axis',(1.,0.,0.));
#1925=DIRECTION('ref_axis',(0.,0.,-1.));
#1926=DIRECTION('center_axis',(1.,0.,0.));
#1927=DIRECTION('ref_axis',(0.,0.,-1.));
#1928=DIRECTION('center_axis',(1.,0.,0.));
#1929=DIRECTION('ref_axis',(0.,0.,-1.));
#1930=DIRECTION('center_axis',(1.,0.,0.));
#1931=DIRECTION('ref_axis',(0.,-1.,0.));
#1932=DIRECTION('center_axis',(1.,0.,0.));
#1933=DIRECTION('ref_axis',(0.,0.,-1.));
#1934=DIRECTION('',(-1.,0.,0.));
#1935=DIRECTION('center_axis',(-1.,0.,0.));
#1936=DIRECTION('ref_axis',(0.,0.,1.));
#1937=DIRECTION('center_axis',(1.,0.,0.));
#1938=DIRECTION('ref_axis',(0.,0.,-1.));
#1939=DIRECTION('center_axis',(1.,0.,0.));
#1940=DIRECTION('ref_axis',(0.,-1.,0.));
#1941=DIRECTION('center_axis',(1.,0.,0.));
#1942=DIRECTION('ref_axis',(0.,0.,-1.));
#1943=DIRECTION('',(-1.,0.,0.));
#1944=DIRECTION('center_axis',(-1.,0.,0.));
#1945=DIRECTION('ref_axis',(0.,0.,1.));
#1946=DIRECTION('center_axis',(1.,0.,0.));
#1947=DIRECTION('ref_axis',(0.,0.,-1.));
#1948=DIRECTION('center_axis',(1.,0.,0.));
#1949=DIRECTION('ref_axis',(0.,-1.,0.));
#1950=DIRECTION('center_axis',(1.,0.,0.));
#1951=DIRECTION('ref_axis',(0.,-1.,0.));
#1952=DIRECTION('center_axis',(1.,0.,0.));
#1953=DIRECTION('ref_axis',(0.,0.,-1.));
#1954=DIRECTION('center_axis',(1.,0.,0.));
#1955=DIRECTION('ref_axis',(0.,0.,-1.));
#1956=DIRECTION('',(-1.,0.,0.));
#1957=DIRECTION('center_axis',(1.,0.,0.));
#1958=DIRECTION('ref_axis',(0.,0.,-1.));
#1959=DIRECTION('center_axis',(1.,0.,0.));
#1960=DIRECTION('ref_axis',(0.,0.,-1.));
#1961=DIRECTION('center_axis',(0.,-1.,-2.22044604925031E-16));
#1962=DIRECTION('ref_axis',(0.,-2.22044604925031E-16,1.));
#1963=DIRECTION('center_axis',(1.,0.,0.));
#1964=DIRECTION('ref_axis',(0.,0.,-1.));
#1965=DIRECTION('center_axis',(1.,0.,0.));
#1966=DIRECTION('ref_axis',(0.,0.,-1.));
#1967=DIRECTION('center_axis',(1.,0.,0.));
#1968=DIRECTION('ref_axis',(0.,-1.,0.));
#1969=DIRECTION('center_axis',(1.,0.,0.));
#1970=DIRECTION('ref_axis',(0.,0.,-1.));
#1971=DIRECTION('',(-1.,0.,0.));
#1972=DIRECTION('center_axis',(1.,0.,0.));
#1973=DIRECTION('ref_axis',(0.,0.,-1.));
#1974=DIRECTION('center_axis',(0.,-1.,0.));
#1975=DIRECTION('ref_axis',(0.,0.,-1.));
#1976=DIRECTION('center_axis',(0.,1.,0.));
#1977=DIRECTION('ref_axis',(1.,0.,0.));
#1978=DIRECTION('center_axis',(0.,-1.,0.));
#1979=DIRECTION('ref_axis',(1.,0.,0.));
#1980=DIRECTION('center_axis',(0.,1.,0.));
#1981=DIRECTION('ref_axis',(1.,0.,0.));
#1982=DIRECTION('',(-0.0348994967025002,-0.999390827019096,4.27395569285705E-18));
#1983=DIRECTION('center_axis',(0.,1.,0.));
#1984=DIRECTION('ref_axis',(0.,0.,1.));
#1985=DIRECTION('center_axis',(0.,1.,0.));
#1986=DIRECTION('ref_axis',(1.,0.,0.));
#1987=DIRECTION('center_axis',(0.,-1.,0.));
#1988=DIRECTION('ref_axis',(1.,0.,0.));
#1989=DIRECTION('center_axis',(0.,1.,0.));
#1990=DIRECTION('ref_axis',(1.,0.,0.));
#1991=DIRECTION('',(-0.0187092880341651,-0.999824965952168,2.29122697053661E-18));
#1992=DIRECTION('center_axis',(0.,-1.,0.));
#1993=DIRECTION('ref_axis',(0.,0.,-1.));
#1994=DIRECTION('center_axis',(0.,0.,1.));
#1995=DIRECTION('ref_axis',(1.,0.,0.));
#1996=DIRECTION('center_axis',(0.,0.,1.));
#1997=DIRECTION('ref_axis',(1.,0.,0.));
#1998=DIRECTION('center_axis',(0.,0.,1.));
#1999=DIRECTION('ref_axis',(1.,0.,0.));
#2000=DIRECTION('center_axis',(1.,0.,0.));
#2001=DIRECTION('ref_axis',(0.,0.,-1.));
#2002=DIRECTION('center_axis',(1.,0.,0.));
#2003=DIRECTION('ref_axis',(0.,0.,-1.));
#2004=DIRECTION('center_axis',(0.,-1.,0.));
#2005=DIRECTION('ref_axis',(1.,0.,0.));
#2006=DIRECTION('center_axis',(0.,-1.,0.));
#2007=DIRECTION('ref_axis',(1.,0.,0.));
#2008=DIRECTION('center_axis',(0.,-1.,0.));
#2009=DIRECTION('ref_axis',(1.,0.,0.));
#2010=DIRECTION('center_axis',(0.,-1.,0.));
#2011=DIRECTION('ref_axis',(1.,0.,0.));
#2012=DIRECTION('center_axis',(0.,-1.,0.));
#2013=DIRECTION('ref_axis',(1.,0.,0.));
#2014=DIRECTION('center_axis',(0.,-1.,0.));
#2015=DIRECTION('ref_axis',(1.,0.,0.));
#2016=DIRECTION('center_axis',(0.,-1.,0.));
#2017=DIRECTION('ref_axis',(1.,0.,0.));
#2018=DIRECTION('center_axis',(0.,-1.,0.));
#2019=DIRECTION('ref_axis',(1.,0.,0.));
#2020=DIRECTION('center_axis',(0.,-1.,0.));
#2021=DIRECTION('ref_axis',(1.,0.,0.));
#2022=DIRECTION('center_axis',(0.,-1.,0.));
#2023=DIRECTION('ref_axis',(1.,0.,0.));
#2024=DIRECTION('center_axis',(-0.577350269189626,0.577350269189626,-0.577350269189626));
#2025=DIRECTION('ref_axis',(-0.707106781186548,-0.707106781186548,0.));
#2026=DIRECTION('center_axis',(0.,0.,1.));
#2027=DIRECTION('ref_axis',(1.,0.,0.));
#2028=DIRECTION('center_axis',(-2.22044604925031E-16,0.,-1.));
#2029=DIRECTION('ref_axis',(-1.,0.,2.22044604925031E-16));
#2030=DIRECTION('center_axis',(0.,0.,1.));
#2031=DIRECTION('ref_axis',(1.,0.,0.));
#2032=DIRECTION('center_axis',(0.,-1.,0.));
#2033=DIRECTION('ref_axis',(-1.,0.,0.));
#2034=DIRECTION('center_axis',(0.,0.,1.));
#2035=DIRECTION('ref_axis',(1.,0.,0.));
#2036=DIRECTION('center_axis',(-1.,0.,0.));
#2037=DIRECTION('ref_axis',(0.,0.,1.));
#2038=DIRECTION('center_axis',(0.,0.,1.));
#2039=DIRECTION('ref_axis',(1.,0.,0.));
#2040=DIRECTION('center_axis',(0.,0.,1.));
#2041=DIRECTION('ref_axis',(1.,0.,0.));
#2042=DIRECTION('center_axis',(0.,0.,1.));
#2043=DIRECTION('ref_axis',(1.,0.,0.));
#2044=DIRECTION('center_axis',(0.,0.,1.));
#2045=DIRECTION('ref_axis',(1.,0.,0.));
#2046=DIRECTION('center_axis',(0.,0.,1.));
#2047=DIRECTION('ref_axis',(1.,0.,0.));
#2048=DIRECTION('center_axis',(0.,0.,1.));
#2049=DIRECTION('ref_axis',(1.,0.,0.));
#2050=CARTESIAN_POINT('',(0.,0.,0.));
#2051=CARTESIAN_POINT('Origin',(16.75,5.98926328744122E-15,-27.));
#2052=CARTESIAN_POINT('',(24.75,5.98926328744122E-15,-27.));
#2053=CARTESIAN_POINT('',(16.75,5.98926328744122E-15,-35.));
#2054=CARTESIAN_POINT('Origin',(16.75,5.98926328744122E-15,-27.));
#2055=CARTESIAN_POINT('',(24.75,0.500000000000006,-27.));
#2056=CARTESIAN_POINT('',(24.75,5.98926328744122E-15,-27.));
#2057=CARTESIAN_POINT('',(16.75,0.500000000000006,-35.));
#2058=CARTESIAN_POINT('Origin',(16.75,0.500000000000006,-27.));
#2059=CARTESIAN_POINT('',(16.75,5.98926328744122E-15,-35.));
#2060=CARTESIAN_POINT('Origin',(-16.75,5.98926328744122E-15,-35.));
#2061=CARTESIAN_POINT('',(-16.75,5.98926328744122E-15,-35.));
#2062=CARTESIAN_POINT('',(17.45,5.98926328744122E-15,-35.));
#2063=CARTESIAN_POINT('',(-16.75,0.500000000000006,-35.));
#2064=CARTESIAN_POINT('',(16.75,0.500000000000006,-35.));
#2065=CARTESIAN_POINT('',(-16.75,5.98926328744122E-15,-35.));
#2066=CARTESIAN_POINT('Origin',(-16.75,5.98926328744122E-15,-27.));
#2067=CARTESIAN_POINT('',(-24.75,5.98926328744122E-15,-27.));
#2068=CARTESIAN_POINT('Origin',(-16.75,5.98926328744122E-15,-27.));
#2069=CARTESIAN_POINT('',(-24.75,0.500000000000006,-27.));
#2070=CARTESIAN_POINT('Origin',(-16.75,0.500000000000006,-27.));
#2071=CARTESIAN_POINT('',(-24.75,5.98926328744122E-15,-27.));
#2072=CARTESIAN_POINT('Origin',(-24.75,5.98926328744122E-15,-17.5));
#2073=CARTESIAN_POINT('',(-24.75,5.98926328744122E-15,-17.5));
#2074=CARTESIAN_POINT('',(-24.75,5.98926328744122E-15,-8.75));
#2075=CARTESIAN_POINT('',(-24.75,0.500000000000006,-17.5));
#2076=CARTESIAN_POINT('',(-24.75,0.500000000000006,-27.));
#2077=CARTESIAN_POINT('',(-24.75,5.98926328744122E-15,-17.5));
#2078=CARTESIAN_POINT('Origin',(-16.75,5.98926328744122E-15,-17.5));
#2079=CARTESIAN_POINT('',(-16.75,5.98926328744122E-15,-9.5));
#2080=CARTESIAN_POINT('Origin',(-16.75,5.98926328744122E-15,-17.5));
#2081=CARTESIAN_POINT('',(-16.75,0.500000000000006,-9.5));
#2082=CARTESIAN_POINT('Origin',(-16.75,0.500000000000006,-17.5));
#2083=CARTESIAN_POINT('',(-16.75,5.98926328744122E-15,-9.5));
#2084=CARTESIAN_POINT('Origin',(16.75,5.98926328744122E-15,-9.5));
#2085=CARTESIAN_POINT('',(16.75,5.98926328744122E-15,-9.5));
#2086=CARTESIAN_POINT('',(34.2,5.98926328744122E-15,-9.5));
#2087=CARTESIAN_POINT('',(16.75,0.500000000000006,-9.5));
#2088=CARTESIAN_POINT('',(-16.75,0.500000000000006,-9.5));
#2089=CARTESIAN_POINT('',(16.75,5.98926328744122E-15,-9.5));
#2090=CARTESIAN_POINT('Origin',(16.75,5.98926328744122E-15,-17.5));
#2091=CARTESIAN_POINT('',(24.75,5.98926328744122E-15,-17.5));
#2092=CARTESIAN_POINT('Origin',(16.75,5.98926328744122E-15,-17.5));
#2093=CARTESIAN_POINT('',(24.75,0.500000000000006,-17.5));
#2094=CARTESIAN_POINT('Origin',(16.75,0.500000000000006,-17.5));
#2095=CARTESIAN_POINT('',(24.75,5.98926328744122E-15,-17.5));
#2096=CARTESIAN_POINT('Origin',(24.75,5.98926328744122E-15,-27.));
#2097=CARTESIAN_POINT('',(24.75,5.98926328744122E-15,-13.5));
#2098=CARTESIAN_POINT('',(24.75,0.500000000000006,-17.5));
#2099=CARTESIAN_POINT('Origin',(0.,0.500000000000006,-22.25));
#2100=CARTESIAN_POINT('Origin',(16.75,5.98926328744122E-15,27.));
#2101=CARTESIAN_POINT('',(16.75,5.98926328744122E-15,35.));
#2102=CARTESIAN_POINT('',(24.75,5.98926328744122E-15,27.));
#2103=CARTESIAN_POINT('Origin',(16.75,5.98926328744122E-15,27.));
#2104=CARTESIAN_POINT('',(16.75,0.500000000000006,35.));
#2105=CARTESIAN_POINT('',(16.75,5.98926328744122E-15,35.));
#2106=CARTESIAN_POINT('',(24.75,0.500000000000006,27.));
#2107=CARTESIAN_POINT('Origin',(16.75,0.500000000000006,27.));
#2108=CARTESIAN_POINT('',(24.75,5.98926328744122E-15,27.));
#2109=CARTESIAN_POINT('Origin',(-16.75,5.98926328744122E-15,35.));
#2110=CARTESIAN_POINT('',(-16.75,5.98926328744122E-15,35.));
#2111=CARTESIAN_POINT('',(17.45,5.98926328744122E-15,35.));
#2112=CARTESIAN_POINT('',(-16.75,0.500000000000006,35.));
#2113=CARTESIAN_POINT('',(-16.75,5.98926328744122E-15,35.));
#2114=CARTESIAN_POINT('',(16.75,0.500000000000006,35.));
#2115=CARTESIAN_POINT('Origin',(-16.75,5.98926328744122E-15,27.));
#2116=CARTESIAN_POINT('',(-24.75,5.98926328744122E-15,27.));
#2117=CARTESIAN_POINT('Origin',(-16.75,5.98926328744122E-15,27.));
#2118=CARTESIAN_POINT('',(-24.75,0.500000000000006,27.));
#2119=CARTESIAN_POINT('',(-24.75,5.98926328744122E-15,27.));
#2120=CARTESIAN_POINT('Origin',(-16.75,0.500000000000006,27.));
#2121=CARTESIAN_POINT('Origin',(-24.75,5.98926328744122E-15,17.5));
#2122=CARTESIAN_POINT('',(-24.75,5.98926328744122E-15,17.5));
#2123=CARTESIAN_POINT('',(-24.75,5.98926328744122E-15,8.75));
#2124=CARTESIAN_POINT('',(-24.75,0.500000000000006,17.5));
#2125=CARTESIAN_POINT('',(-24.75,5.98926328744122E-15,17.5));
#2126=CARTESIAN_POINT('',(-24.75,0.500000000000006,27.));
#2127=CARTESIAN_POINT('Origin',(-16.75,5.98926328744122E-15,17.5));
#2128=CARTESIAN_POINT('',(-16.75,5.98926328744122E-15,9.5));
#2129=CARTESIAN_POINT('Origin',(-16.75,5.98926328744122E-15,17.5));
#2130=CARTESIAN_POINT('',(-16.75,0.500000000000006,9.5));
#2131=CARTESIAN_POINT('',(-16.75,5.98926328744122E-15,9.5));
#2132=CARTESIAN_POINT('Origin',(-16.75,0.500000000000006,17.5));
#2133=CARTESIAN_POINT('Origin',(16.75,5.98926328744122E-15,9.5));
#2134=CARTESIAN_POINT('',(16.75,5.98926328744122E-15,9.5));
#2135=CARTESIAN_POINT('',(34.2,5.98926328744122E-15,9.5));
#2136=CARTESIAN_POINT('',(16.75,0.500000000000006,9.5));
#2137=CARTESIAN_POINT('',(16.75,5.98926328744122E-15,9.5));
#2138=CARTESIAN_POINT('',(-16.75,0.500000000000006,9.5));
#2139=CARTESIAN_POINT('Origin',(16.75,5.98926328744122E-15,17.5));
#2140=CARTESIAN_POINT('',(24.75,5.98926328744122E-15,17.5));
#2141=CARTESIAN_POINT('Origin',(16.75,5.98926328744122E-15,17.5));
#2142=CARTESIAN_POINT('',(24.75,0.500000000000006,17.5));
#2143=CARTESIAN_POINT('',(24.75,5.98926328744122E-15,17.5));
#2144=CARTESIAN_POINT('Origin',(16.75,0.500000000000006,17.5));
#2145=CARTESIAN_POINT('Origin',(24.75,5.98926328744122E-15,27.));
#2146=CARTESIAN_POINT('',(24.75,5.98926328744122E-15,13.5));
#2147=CARTESIAN_POINT('',(24.75,0.500000000000006,17.5));
#2148=CARTESIAN_POINT('Origin',(0.,0.500000000000006,22.25));
#2149=CARTESIAN_POINT('Origin',(0.,5.98926328744122E-15,-44.45));
#2150=CARTESIAN_POINT('',(-1.984375,5.98926328744122E-15,-44.45));
#2151=CARTESIAN_POINT('Origin',(0.,5.98926328744122E-15,-44.45));
#2152=CARTESIAN_POINT('',(-1.984375,5.55625000000001,-44.45));
#2153=CARTESIAN_POINT('',(-1.984375,5.98926328744122E-15,-44.45));
#2154=CARTESIAN_POINT('Origin',(0.,5.55625000000001,-44.45));
#2155=CARTESIAN_POINT('Origin',(0.,5.55625000000001,-44.45));
#2156=CARTESIAN_POINT('Origin',(-1.4708103264575E-14,5.98926328744122E-15,
43.7));
#2157=CARTESIAN_POINT('',(1.98437499999999,5.98926328744122E-15,43.7));
#2158=CARTESIAN_POINT('',(-1.98437500000004,5.98926328744122E-15,43.7));
#2159=CARTESIAN_POINT('Origin',(-1.4708103264575E-14,5.98926328744122E-15,
43.7));
#2160=CARTESIAN_POINT('',(1.98437499999999,5.55625000000001,43.7));
#2161=CARTESIAN_POINT('',(1.98437499999999,5.98926328744122E-15,43.7));
#2162=CARTESIAN_POINT('',(-1.98437500000004,5.55625000000001,43.7));
#2163=CARTESIAN_POINT('Origin',(-1.4708103264575E-14,5.55625000000001,43.7));
#2164=CARTESIAN_POINT('',(-1.98437500000004,5.98926328744122E-15,43.7));
#2165=CARTESIAN_POINT('Origin',(1.98437499999999,5.98926328744122E-15,45.2));
#2166=CARTESIAN_POINT('',(1.98437499999999,5.98926328744122E-15,45.2));
#2167=CARTESIAN_POINT('',(1.98437499999999,5.98926328744122E-15,22.6));
#2168=CARTESIAN_POINT('',(1.98437499999999,5.55625000000001,45.2));
#2169=CARTESIAN_POINT('',(1.98437499999999,5.98926328744122E-15,45.2));
#2170=CARTESIAN_POINT('',(1.98437499999999,5.55625000000001,43.7));
#2171=CARTESIAN_POINT('Origin',(-1.4708103264575E-14,5.98926328744122E-15,
45.2));
#2172=CARTESIAN_POINT('',(-1.98437500000004,5.98926328744122E-15,45.2));
#2173=CARTESIAN_POINT('Origin',(-1.4708103264575E-14,5.98926328744122E-15,
45.2));
#2174=CARTESIAN_POINT('',(-1.98437500000004,5.55625000000001,45.2));
#2175=CARTESIAN_POINT('',(-1.98437500000004,5.98926328744122E-15,45.2));
#2176=CARTESIAN_POINT('Origin',(-1.4708103264575E-14,5.55625000000001,45.2));
#2177=CARTESIAN_POINT('Origin',(-1.98437500000004,5.98926328744122E-15,
43.7));
#2178=CARTESIAN_POINT('',(-1.98437500000004,5.98926328744122E-15,21.85));
#2179=CARTESIAN_POINT('',(-1.98437500000004,5.55625000000001,45.2));
#2180=CARTESIAN_POINT('Origin',(-2.48412401759879E-14,5.55625000000001,
44.45));
#2181=CARTESIAN_POINT('Origin',(0.,7.89158112644171,0.));
#2182=CARTESIAN_POINT('',(-2.4892,7.14375000000001,-3.04839081243759E-16));
#2183=CARTESIAN_POINT('Origin',(0.,7.14375000000001,0.));
#2184=CARTESIAN_POINT('',(0.,8.63941225288341,0.));
#2185=CARTESIAN_POINT('',(-1.2446,7.89158112644171,-1.5241954062188E-16));
#2186=CARTESIAN_POINT('Origin',(0.,0.630400000000006,0.));
#2187=CARTESIAN_POINT('',(-3.75,5.82867087928207E-15,-4.59242549680258E-16));
#2188=CARTESIAN_POINT('Origin',(0.,5.96744875736022E-15,0.));
#2189=CARTESIAN_POINT('',(-2.4892,1.26080000000001,-3.04839081243759E-16));
#2190=CARTESIAN_POINT('',(-3.1196,0.630400000000006,-3.82040815462008E-16));
#2191=CARTESIAN_POINT('Origin',(0.,1.26080000000001,0.));
#2192=CARTESIAN_POINT('Origin',(0.,3.57187500000001,0.));
#2193=CARTESIAN_POINT('',(-2.4892,3.57187500000001,-3.04839081243759E-16));
#2194=CARTESIAN_POINT('Origin',(0.,69.7,0.));
#2195=CARTESIAN_POINT('',(-5.89777567118665E-15,71.7,-48.1589930688008));
#2196=CARTESIAN_POINT('Origin',(0.,71.7,0.));
#2197=CARTESIAN_POINT('',(-6.14259529198523E-15,69.7598627245241,-50.1580969816109));
#2198=CARTESIAN_POINT('Origin',(-5.89777567118665E-15,69.7,-48.1589930688008));
#2199=CARTESIAN_POINT('',(-50.1580969816109,69.7598627245241,6.14259529198523E-15));
#2200=CARTESIAN_POINT('Origin',(0.,69.7598627245241,6.14259529198523E-15));
#2201=CARTESIAN_POINT('Origin',(0.,69.7598627245241,6.14259529198523E-15));
#2202=CARTESIAN_POINT('Origin',(0.,64.2942737739795,0.));
#2203=CARTESIAN_POINT('',(-50.5435256678038,56.888547547959,6.18979669266981E-15));
#2204=CARTESIAN_POINT('',(-50.3217628339019,64.2942737739795,6.16263857819902E-15));
#2205=CARTESIAN_POINT('Origin',(0.,56.888547547959,0.));
#2206=CARTESIAN_POINT('Origin',(0.,71.7,0.));
#2207=CARTESIAN_POINT('Origin',(48.7770097316856,7.10000000000001,0.));
#2208=CARTESIAN_POINT('',(51.0082760968308,7.10147766972871,-6.34999982807025));
#2209=CARTESIAN_POINT('',(51.0083800961829,7.09852233027131,-6.34999982807025));
#2210=CARTESIAN_POINT('Ctrl Pts',(51.0082760968308,7.10147766972871,-6.34999982807025));
#2211=CARTESIAN_POINT('Ctrl Pts',(51.0083107319996,7.10049263462905,-6.35000005729176));
#2212=CARTESIAN_POINT('Ctrl Pts',(51.0083453984962,7.09950752004606,-6.35000005732775));
#2213=CARTESIAN_POINT('Ctrl Pts',(51.0083800961829,7.09852233027131,-6.34999982807025));
#2214=CARTESIAN_POINT('',(53.1238094228812,7.1014776697287,-6.34999982807025));
#2215=CARTESIAN_POINT('',(48.7770097316856,7.10147766972871,-6.34999982807025));
#2216=CARTESIAN_POINT('',(53.1238094228812,7.09852233027132,-6.34999982807025));
#2217=CARTESIAN_POINT('Origin',(53.1238094228812,7.10000000000001,0.));
#2218=CARTESIAN_POINT('',(48.7770097316856,7.09852233027131,-6.34999982807025));
#2219=CARTESIAN_POINT('Origin',(59.4248669035317,7.1,-6.35085296108589));
#2220=CARTESIAN_POINT('',(51.1114513506292,12.5985223302713,-3.17627961355858));
#2221=CARTESIAN_POINT('Origin',(0.,12.7356185047004,-3.09712710034706));
#2222=CARTESIAN_POINT('',(53.1238094228812,12.5985223302713,-3.17627961355857));
#2223=CARTESIAN_POINT('',(48.7770097316856,12.5985223302713,-3.17627961355858));
#2224=CARTESIAN_POINT('',(53.1238094228812,6.97500000000001,-6.42302174473459));
#2225=CARTESIAN_POINT('Origin',(48.7770097316856,7.10000000000001,0.));
#2226=CARTESIAN_POINT('',(51.1115586373284,12.6,-3.17372021451167));
#2227=CARTESIAN_POINT('Ctrl Pts',(51.1115586373284,12.6,-3.17372021451167));
#2228=CARTESIAN_POINT('Ctrl Pts',(51.1115228890498,12.599507733231,-3.17457330396078));
#2229=CARTESIAN_POINT('Ctrl Pts',(51.1114871120565,12.5990149734346,-3.175426788945));
#2230=CARTESIAN_POINT('Ctrl Pts',(51.1114513506292,12.5985223302713,-3.17627961355858));
#2231=CARTESIAN_POINT('',(53.1238094228812,12.6,-3.17372021451168));
#2232=CARTESIAN_POINT('',(48.7770097316856,12.6,-3.17372021451167));
#2233=CARTESIAN_POINT('Origin',(53.1238094228812,7.10000000000001,0.));
#2234=CARTESIAN_POINT('Origin',(59.4248669035317,12.6,-3.17542648054294));
#2235=CARTESIAN_POINT('',(51.1115586373284,12.6,3.17372021451167));
#2236=CARTESIAN_POINT('Origin',(0.,12.6,0.));
#2237=CARTESIAN_POINT('',(53.1238094228812,12.6,3.17372021451168));
#2238=CARTESIAN_POINT('',(48.7770097316856,12.6,3.17372021451167));
#2239=CARTESIAN_POINT('',(53.1238094228812,12.6,-1.58771324027147));
#2240=CARTESIAN_POINT('Origin',(48.7770097316856,7.10000000000001,0.));
#2241=CARTESIAN_POINT('',(51.1114513506292,12.5985223302713,3.17627961355858));
#2242=CARTESIAN_POINT('Ctrl Pts',(51.1114513506292,12.5985223302713,3.17627961355858));
#2243=CARTESIAN_POINT('Ctrl Pts',(51.1114871120837,12.5990149738088,3.17542678829724));
#2244=CARTESIAN_POINT('Ctrl Pts',(51.1115228890219,12.5995077328455,3.17457330462882));
#2245=CARTESIAN_POINT('Ctrl Pts',(51.1115586373284,12.6,3.17372021451167));
#2246=CARTESIAN_POINT('',(53.1238094228812,12.5985223302713,3.17627961355857));
#2247=CARTESIAN_POINT('',(48.7770097316856,12.5985223302713,3.17627961355858));
#2248=CARTESIAN_POINT('Origin',(53.1238094228812,7.10000000000001,0.));
#2249=CARTESIAN_POINT('Origin',(59.4248669035317,12.6,3.17542648054294));
#2250=CARTESIAN_POINT('',(51.0082760968308,7.1014776697287,6.34999982807025));
#2251=CARTESIAN_POINT('Origin',(0.,12.7356185047004,3.09712710034707));
#2252=CARTESIAN_POINT('',(53.1238094228812,7.10147766972869,6.34999982807025));
#2253=CARTESIAN_POINT('',(48.7770097316856,7.1014776697287,6.34999982807025));
#2254=CARTESIAN_POINT('',(53.1238094228812,9.725,4.83530850446312));
#2255=CARTESIAN_POINT('Origin',(59.4248669035317,1.60000000000001,-3.17542648054294));
#2256=CARTESIAN_POINT('',(51.496211901468,1.60147766972871,-3.17627961355858));
#2257=CARTESIAN_POINT('Origin',(-8.88178419700125E-15,-9.34516138824383,
3.14376539328354));
#2258=CARTESIAN_POINT('',(53.1238094228812,1.6014776697287,-3.17627961355857));
#2259=CARTESIAN_POINT('',(53.1238094228812,1.475,-3.10325769689424));
#2260=CARTESIAN_POINT('',(48.7770097316856,1.60147766972871,-3.17627961355858));
#2261=CARTESIAN_POINT('Origin',(59.4248669035317,1.60000000000001,3.17542648054294));
#2262=CARTESIAN_POINT('',(51.4964214002912,1.60000000000001,-3.17372021451167));
#2263=CARTESIAN_POINT('',(51.4964214002912,1.60000000000001,3.17372021451167));
#2264=CARTESIAN_POINT('Origin',(0.,1.60000000000001,0.));
#2265=CARTESIAN_POINT('',(53.1238094228812,1.60000000000001,-3.17372021451168));
#2266=CARTESIAN_POINT('',(48.7770097316856,1.60000000000001,-3.17372021451167));
#2267=CARTESIAN_POINT('',(53.1238094228812,1.60000000000001,3.17372021451168));
#2268=CARTESIAN_POINT('',(53.1238094228812,1.60000000000001,1.58771324027147));
#2269=CARTESIAN_POINT('',(48.7770097316856,1.60000000000001,3.17372021451167));
#2270=CARTESIAN_POINT('Origin',(59.4248669035317,7.10000000000001,6.35085296108588));
#2271=CARTESIAN_POINT('',(51.496211901468,1.60147766972871,3.17627961355858));
#2272=CARTESIAN_POINT('',(51.0083800961829,7.09852233027131,6.34999982807025));
#2273=CARTESIAN_POINT('Origin',(0.,-9.34516138824383,-3.14376539328355));
#2274=CARTESIAN_POINT('',(53.1238094228812,1.6014776697287,3.17627961355857));
#2275=CARTESIAN_POINT('',(48.7770097316856,1.60147766972871,3.17627961355858));
#2276=CARTESIAN_POINT('',(53.1238094228812,7.09852233027132,6.34999982807025));
#2277=CARTESIAN_POINT('',(53.1238094228812,4.22500000000001,4.69097093716571));
#2278=CARTESIAN_POINT('',(48.7770097316856,7.09852233027131,6.34999982807025));
#2279=CARTESIAN_POINT('Origin',(59.4248669035317,12.6,-3.17542648054294));
#2280=CARTESIAN_POINT('',(57.3238094228812,12.6,-3.17372021451168));
#2281=CARTESIAN_POINT('',(59.4248669035317,12.6,-3.17372021451167));
#2282=CARTESIAN_POINT('',(58.3743381632065,12.6,-3.17372021451167));
#2283=CARTESIAN_POINT('',(57.3238094228812,12.6,3.17372021451168));
#2284=CARTESIAN_POINT('',(57.3238094228812,12.6,-1.58771324027147));
#2285=CARTESIAN_POINT('',(59.4248669035317,12.6,3.17372021451168));
#2286=CARTESIAN_POINT('',(58.3743381632065,12.6,3.17372021451167));
#2287=CARTESIAN_POINT('',(59.4248669035317,12.6,-1.58771324027147));
#2288=CARTESIAN_POINT('Origin',(59.4248669035317,7.1,-6.35085296108589));
#2289=CARTESIAN_POINT('',(57.3238094228812,7.1014776697287,-6.34999982807025));
#2290=CARTESIAN_POINT('',(59.4248669035317,7.10147766972871,-6.34999982807025));
#2291=CARTESIAN_POINT('',(58.3743381632065,7.10147766972871,-6.34999982807025));
#2292=CARTESIAN_POINT('',(57.3238094228812,12.5985223302713,-3.17627961355857));
#2293=CARTESIAN_POINT('',(57.3238094228812,6.09375000000001,-6.93181166945795));
#2294=CARTESIAN_POINT('',(59.4248669035317,12.5985223302713,-3.17627961355858));
#2295=CARTESIAN_POINT('',(58.3743381632065,12.5985223302713,-3.17627961355858));
#2296=CARTESIAN_POINT('',(59.4248669035317,6.60000000000001,-6.6395280956807));
#2297=CARTESIAN_POINT('Origin',(59.4248669035317,1.60000000000001,-3.17542648054294));
#2298=CARTESIAN_POINT('',(57.3238094228812,1.6014776697287,-3.17627961355857));
#2299=CARTESIAN_POINT('',(59.4248669035317,1.6014776697287,-3.17627961355858));
#2300=CARTESIAN_POINT('',(58.3743381632065,1.6014776697287,-3.17627961355858));
#2301=CARTESIAN_POINT('',(57.3238094228812,7.09852233027132,-6.34999982807025));
#2302=CARTESIAN_POINT('',(57.3238094228812,0.593750000000005,-2.59446777217088));
#2303=CARTESIAN_POINT('',(59.4248669035317,7.09852233027131,-6.34999982807025));
#2304=CARTESIAN_POINT('',(58.3743381632065,7.09852233027131,-6.34999982807025));
#2305=CARTESIAN_POINT('',(59.4248669035317,1.10000000000001,-2.88675134594813));
#2306=CARTESIAN_POINT('Origin',(59.4248669035317,1.60000000000001,3.17542648054294));
#2307=CARTESIAN_POINT('',(57.3238094228812,1.60000000000001,3.17372021451168));
#2308=CARTESIAN_POINT('',(59.4248669035317,1.60000000000001,3.17372021451167));
#2309=CARTESIAN_POINT('',(58.3743381632065,1.60000000000001,3.17372021451167));
#2310=CARTESIAN_POINT('',(57.3238094228812,1.60000000000001,-3.17372021451168));
#2311=CARTESIAN_POINT('',(57.3238094228812,1.60000000000001,1.58771324027147));
#2312=CARTESIAN_POINT('',(59.4248669035317,1.60000000000001,-3.17372021451167));
#2313=CARTESIAN_POINT('',(58.3743381632065,1.60000000000001,-3.17372021451167));
#2314=CARTESIAN_POINT('',(59.4248669035317,1.60000000000001,1.58771324027147));
#2315=CARTESIAN_POINT('Origin',(59.4248669035317,7.10000000000001,6.35085296108588));
#2316=CARTESIAN_POINT('',(57.3238094228812,7.09852233027132,6.34999982807025));
#2317=CARTESIAN_POINT('',(59.4248669035317,7.09852233027132,6.34999982807025));
#2318=CARTESIAN_POINT('',(58.3743381632065,7.09852233027132,6.34999982807025));
#2319=CARTESIAN_POINT('',(57.3238094228812,1.6014776697287,3.17627961355857));
#2320=CARTESIAN_POINT('',(57.3238094228812,3.34375000000001,4.18218101244235));
#2321=CARTESIAN_POINT('',(59.4248669035317,1.6014776697287,3.17627961355858));
#2322=CARTESIAN_POINT('',(58.3743381632065,1.6014776697287,3.17627961355858));
#2323=CARTESIAN_POINT('',(59.4248669035317,3.85000000000001,4.4744645862196));
#2324=CARTESIAN_POINT('Origin',(59.4248669035317,12.6,3.17542648054294));
#2325=CARTESIAN_POINT('',(57.3238094228812,12.5985223302713,3.17627961355857));
#2326=CARTESIAN_POINT('',(59.4248669035317,12.5985223302713,3.17627961355858));
#2327=CARTESIAN_POINT('',(58.3743381632065,12.5985223302713,3.17627961355858));
#2328=CARTESIAN_POINT('',(57.3238094228812,7.10147766972869,6.34999982807025));
#2329=CARTESIAN_POINT('',(57.3238094228812,8.84375,5.34409842918648));
#2330=CARTESIAN_POINT('',(59.4248669035317,7.1014776697287,6.34999982807025));
#2331=CARTESIAN_POINT('',(58.3743381632065,7.1014776697287,6.34999982807025));
#2332=CARTESIAN_POINT('',(59.4248669035317,9.35,5.05181485540923));
#2333=CARTESIAN_POINT('Origin',(59.4248669035317,2.1,0.));
#2334=CARTESIAN_POINT('Origin',(59.4248669035317,7.10000000000001,0.));
#2335=CARTESIAN_POINT('Origin',(59.4248669035317,7.10000000000001,0.));
#2336=CARTESIAN_POINT('Origin',(59.4248669035317,7.10000000000001,0.));
#2337=CARTESIAN_POINT('Origin',(59.4248669035317,7.10000000000001,0.));
#2338=CARTESIAN_POINT('Origin',(59.4248669035317,7.10000000000001,0.));
#2339=CARTESIAN_POINT('Origin',(59.4248669035317,7.10000000000001,0.));
#2340=CARTESIAN_POINT('',(59.4248669035317,12.1,6.12323399573677E-16));
#2341=CARTESIAN_POINT('Origin',(59.4248669035317,7.10000000000001,0.));
#2342=CARTESIAN_POINT('Origin',(58.3743381632065,7.10000000000001,0.));
#2343=CARTESIAN_POINT('Origin',(57.3238094228812,7.10000000000001,0.));
#2344=CARTESIAN_POINT('Origin',(58.3743381632065,7.10000000000001,0.));
#2345=CARTESIAN_POINT('Origin',(57.3238094228812,7.10000000000001,0.));
#2346=CARTESIAN_POINT('Origin',(58.3743381632065,7.10000000000001,0.));
#2347=CARTESIAN_POINT('Origin',(57.3238094228812,7.10000000000001,0.));
#2348=CARTESIAN_POINT('Origin',(58.3743381632065,7.10000000000001,0.));
#2349=CARTESIAN_POINT('Origin',(57.3238094228812,7.10000000000001,0.));
#2350=CARTESIAN_POINT('Origin',(58.3743381632065,7.10000000000001,0.));
#2351=CARTESIAN_POINT('Origin',(57.3238094228812,7.10000000000001,0.));
#2352=CARTESIAN_POINT('Origin',(48.7770097316856,7.10000000000001,0.));
#2353=CARTESIAN_POINT('Ctrl Pts',(51.0083800961829,7.09852233027131,6.34999982807025));
#2354=CARTESIAN_POINT('Ctrl Pts',(51.0083453984921,7.09950752016431,6.35000005732778));
#2355=CARTESIAN_POINT('Ctrl Pts',(51.008310732004,7.10049263450351,6.35000005729179));
#2356=CARTESIAN_POINT('Ctrl Pts',(51.0082760968308,7.1014776697287,6.34999982807025));
#2357=CARTESIAN_POINT('Origin',(53.1238094228812,7.10000000000001,0.));
#2358=CARTESIAN_POINT('Origin',(48.7770097316856,7.10000000000001,0.));
#2359=CARTESIAN_POINT('Ctrl Pts',(51.4964214002912,1.60000000000001,3.17372021451167));
#2360=CARTESIAN_POINT('Ctrl Pts',(51.4963516013359,1.60049226798741,3.17457330607227));
#2361=CARTESIAN_POINT('Ctrl Pts',(51.4962817399047,1.60098502547706,3.17542678706087));
#2362=CARTESIAN_POINT('Ctrl Pts',(51.496211901468,1.6014776697287,3.17627961355858));
#2363=CARTESIAN_POINT('Origin',(53.1238094228812,7.10000000000001,0.));
#2364=CARTESIAN_POINT('Origin',(48.7770097316856,7.10000000000001,0.));
#2365=CARTESIAN_POINT('Ctrl Pts',(51.496211901468,1.60147766972871,-3.17627961355858));
#2366=CARTESIAN_POINT('Ctrl Pts',(51.4962817399596,1.60098502508944,-3.17542678638986));
#2367=CARTESIAN_POINT('Ctrl Pts',(51.4963516012792,1.60049226838679,-3.17457330676439));
#2368=CARTESIAN_POINT('Ctrl Pts',(51.4964214002912,1.60000000000001,-3.17372021451167));
#2369=CARTESIAN_POINT('Origin',(53.1238094228812,7.10000000000001,0.));
#2370=CARTESIAN_POINT('Origin',(53.1238094228812,3.1,0.));
#2371=CARTESIAN_POINT('',(53.1238094228812,11.1,4.89858719658942E-16));
#2372=CARTESIAN_POINT('Origin',(53.1238094228812,7.10000000000001,0.));
#2373=CARTESIAN_POINT('Origin',(54.6738094228812,7.10000000000001,0.));
#2374=CARTESIAN_POINT('',(56.2238094228812,11.1,4.89858719658942E-16));
#2375=CARTESIAN_POINT('Origin',(56.2238094228812,7.10000000000001,0.));
#2376=CARTESIAN_POINT('',(54.6738094228812,11.1,4.89858719658942E-16));
#2377=CARTESIAN_POINT('Origin',(56.2238094228812,2.1,0.));
#2378=CARTESIAN_POINT('',(56.2238094228812,12.1,6.12323399573677E-16));
#2379=CARTESIAN_POINT('Origin',(56.2238094228812,7.10000000000001,0.));
#2380=CARTESIAN_POINT('Origin',(56.7738094228812,7.10000000000001,0.));
#2381=CARTESIAN_POINT('',(57.3238094228812,12.1,6.12323399573677E-16));
#2382=CARTESIAN_POINT('Origin',(57.3238094228812,7.10000000000001,0.));
#2383=CARTESIAN_POINT('',(56.7738094228812,12.1,6.12323399573677E-16));
#2384=CARTESIAN_POINT('Origin',(57.3238094228812,0.750000000000003,0.));
#2385=CARTESIAN_POINT('Origin',(57.3238094228812,7.10000000000001,0.));
#2386=CARTESIAN_POINT('Origin',(58.3743381632065,7.10000000000001,0.));
#2387=CARTESIAN_POINT('Origin',(60.9134647200702,7.10000000000001,0.));
#2388=CARTESIAN_POINT('',(62.4020625366086,7.10000000000001,5.));
#2389=CARTESIAN_POINT('',(62.4020625366086,12.1,6.12323399573677E-16));
#2390=CARTESIAN_POINT('Origin',(62.4020625366086,7.10000000000001,0.));
#2391=CARTESIAN_POINT('Origin',(62.4020625366086,7.10000000000001,0.));
#2392=CARTESIAN_POINT('',(60.9134647200702,12.1,6.12323399573677E-16));
#2393=CARTESIAN_POINT('Origin',(62.4020625366086,7.10000000000001,0.));
#2394=CARTESIAN_POINT('',(64.0020625366086,7.10000000000001,3.4));
#2395=CARTESIAN_POINT('Origin',(64.0020625366086,7.10000000000001,0.));
#2396=CARTESIAN_POINT('Origin',(62.4020625366086,7.10000000000001,3.4));
#2397=CARTESIAN_POINT('Origin',(64.0020625366086,4.60000000000001,0.));
#2398=CARTESIAN_POINT('',(64.0020625366086,9.60000000000001,3.06161699786838E-16));
#2399=CARTESIAN_POINT('Origin',(64.0020625366086,7.10000000000001,0.));
#2400=CARTESIAN_POINT('Origin',(79.9957746711642,7.10000000000001,0.));
#2401=CARTESIAN_POINT('',(95.9894868057198,9.60000000000001,3.06161699786838E-16));
#2402=CARTESIAN_POINT('Origin',(95.9894868057198,7.10000000000001,0.));
#2403=CARTESIAN_POINT('',(79.9957746711642,9.60000000000001,3.06161699786838E-16));
#2404=CARTESIAN_POINT('Origin',(95.9894868057198,7.10000000000001,0.));
#2405=CARTESIAN_POINT('Origin',(51.65,5.98926328744122E-15,0.));
#2406=CARTESIAN_POINT('',(-51.65,8.88178419700125E-15,6.32530071759608E-15));
#2407=CARTESIAN_POINT('Origin',(0.,8.88178419700125E-15,0.));
#2408=CARTESIAN_POINT('Origin',(0.,9.3942737739795,0.));
#2409=CARTESIAN_POINT('',(-50.993889461993,18.788547547959,6.24495035057037E-15));
#2410=CARTESIAN_POINT('Origin',(0.,18.788547547959,0.));
#2411=CARTESIAN_POINT('',(-51.3219447309965,9.3942737739795,6.28512553408322E-15));
#2412=CARTESIAN_POINT('Origin',(50.6,18.788547547959,0.));
#2413=CARTESIAN_POINT('',(-50.6,18.788547547959,6.19671280368561E-15));
#2414=CARTESIAN_POINT('Origin',(0.,18.788547547959,0.));
#2415=CARTESIAN_POINT('Origin',(0.,37.838547547959,0.));
#2416=CARTESIAN_POINT('',(-49.8870513356077,56.888547547959,6.10940177370517E-15));
#2417=CARTESIAN_POINT('Origin',(0.,56.888547547959,0.));
#2418=CARTESIAN_POINT('',(-50.2435256678039,37.838547547959,6.15305728869539E-15));
#2419=CARTESIAN_POINT('Origin',(50.5435256678038,56.888547547959,0.));
#2420=CARTESIAN_POINT('polyline point',(-50.993889461993,18.788547547959,
0.));
#2421=CARTESIAN_POINT('polyline point',(50.993889461993,18.788547547959,
0.));
#2422=CARTESIAN_POINT('polyline point',(50.993889461993,18.788547547959,
0.));
#2423=CARTESIAN_POINT('polyline point',(51.65,5.98926328744122E-15,0.));
#2424=CARTESIAN_POINT('polyline point',(51.65,5.98926328744122E-15,0.));
#2425=CARTESIAN_POINT('polyline point',(-51.65,-6.66133814775094E-15,0.));
#2426=CARTESIAN_POINT('polyline point',(-51.65,-6.66133814775094E-15,0.));
#2427=CARTESIAN_POINT('polyline point',(-50.993889461993,18.788547547959,
0.));
#2428=CARTESIAN_POINT('polyline point',(-49.9,56.888547547959,0.));
#2429=CARTESIAN_POINT('polyline point',(49.8870513356077,56.888547547959,
0.));
#2430=CARTESIAN_POINT('polyline point',(49.8870513356077,56.888547547959,
0.));
#2431=CARTESIAN_POINT('polyline point',(50.6,18.788547547959,0.));
#2432=CARTESIAN_POINT('polyline point',(50.6,18.788547547959,0.));
#2433=CARTESIAN_POINT('polyline point',(-50.6,18.788547547959,0.));
#2434=CARTESIAN_POINT('polyline point',(-50.6,18.788547547959,0.));
#2435=CARTESIAN_POINT('polyline point',(-49.9,56.888547547959,0.));
#2436=CARTESIAN_POINT('polyline point',(-50.1,71.7,0.));
#2437=CARTESIAN_POINT('polyline point',(50.1,71.7,0.));
#2438=CARTESIAN_POINT('polyline point',(50.1,71.7,0.));
#2439=CARTESIAN_POINT('polyline point',(50.5435256678038,56.888547547959,
0.));
#2440=CARTESIAN_POINT('polyline point',(50.5435256678038,56.888547547959,
0.));
#2441=CARTESIAN_POINT('polyline point',(-50.5564743321962,56.888547547959,
0.));
#2442=CARTESIAN_POINT('polyline point',(-50.5564743321962,56.888547547959,
0.));
#2443=CARTESIAN_POINT('polyline point',(-50.1,71.7,0.));
#2444=CARTESIAN_POINT('polyline point',(0.,0.,0.));
#2445=CARTESIAN_POINT('polyline point',(-1.24351320551198E-16,71.7,0.));
#2446=CARTESIAN_POINT('polyline point',(51.4020625366086,7.10000000000001,
0.));
#2447=CARTESIAN_POINT('polyline point',(95.9894868057198,7.10000000000001,
0.));
#2448=CARTESIAN_POINT('polyline point',(51.6238094228812,0.750000000000009,
0.));
#2449=CARTESIAN_POINT('polyline point',(53.1238094228812,0.750000000000003,
0.));
#2450=CARTESIAN_POINT('polyline point',(53.1238094228812,0.750000000000003,
0.));
#2451=CARTESIAN_POINT('polyline point',(53.1238094228812,7.1,0.));
#2452=CARTESIAN_POINT('polyline point',(53.1238094228812,3.1,0.));
#2453=CARTESIAN_POINT('polyline point',(56.2238094228812,3.1,0.));
#2454=CARTESIAN_POINT('polyline point',(56.2238094228812,7.1,0.));
#2455=CARTESIAN_POINT('polyline point',(56.2238094228812,2.1,0.));
#2456=CARTESIAN_POINT('polyline point',(56.2238094228812,2.1,0.));
#2457=CARTESIAN_POINT('polyline point',(57.3238094228812,2.1,0.));
#2458=CARTESIAN_POINT('polyline point',(57.3238094228812,2.1,0.));
#2459=CARTESIAN_POINT('polyline point',(57.3238094228812,0.750000000000003,
0.));
#2460=CARTESIAN_POINT('polyline point',(57.3238094228812,0.750000000000003,
0.));
#2461=CARTESIAN_POINT('polyline point',(59.4248669035317,0.750000000000009,
0.));
#2462=CARTESIAN_POINT('polyline point',(59.4248669035317,0.750000000000009,
0.));
#2463=CARTESIAN_POINT('polyline point',(59.4248669035317,2.1,0.));
#2464=CARTESIAN_POINT('polyline point',(59.4248669035317,2.1,0.));
#2465=CARTESIAN_POINT('polyline point',(62.4020625366086,2.10000000000001,
0.));
#2466=CARTESIAN_POINT('polyline point',(64.0020625366086,7.10000000000001,
0.));
#2467=CARTESIAN_POINT('polyline point',(64.0020625366086,3.70000000000001,
0.));
#2468=CARTESIAN_POINT('polyline point',(64.0020625366086,4.60000000000001,
0.));
#2469=CARTESIAN_POINT('polyline point',(95.9894868057198,4.60000000000001,
0.));
#2470=CARTESIAN_POINT('polyline point',(95.9894868057198,4.60000000000001,
0.));
#2471=CARTESIAN_POINT('polyline point',(95.9894868057198,7.10000000000001,
0.));
#2472=CARTESIAN_POINT('polyline point',(51.6238094228812,0.750000000000009,
0.));
#2473=CARTESIAN_POINT('polyline point',(44.43021004049,0.750000000000008,
0.));
#2474=CARTESIAN_POINT('polyline point',(44.43021004049,0.750000000000008,
0.));
#2475=CARTESIAN_POINT('polyline point',(44.43021004049,7.10000000000001,
0.));
#2476=CARTESIAN_POINT('polyline point',(44.43021004049,7.10000000000001,
0.));
#2477=CARTESIAN_POINT('polyline point',(51.4020625366086,7.10000000000001,
0.));
#2478=CARTESIAN_POINT('polyline point',(0.,-84.2433054117348,0.));
#2479=CARTESIAN_POINT('polyline point',(0.,122.512127440165,0.));
#2480=CARTESIAN_POINT('Origin',(62.4020625366086,3.70000000000001,0.));
#2481=CARTESIAN_POINT('',(62.4020625366086,2.1,0.));
#2482=CARTESIAN_POINT('',(64.0020625366086,3.70000000000001,0.));
#2483=CARTESIAN_POINT('polyline point',(213.350993598755,78.7320423524709,
0.));
#2484=CARTESIAN_POINT('polyline point',(213.350993598755,80.2288283960944,
0.));
#2485=CARTESIAN_POINT('polyline point',(209.382324753819,80.2288283960942,
0.));
#2486=CARTESIAN_POINT('polyline point',(209.382324753819,78.7320423524708,
0.));
#2487=CARTESIAN_POINT('Origin',(211.366659176287,78.7320423524708,0.));
#2488=CARTESIAN_POINT('',(209.382324753819,78.7320423524708,0.));
#2489=CARTESIAN_POINT('',(213.350993598755,78.7320423524709,0.));
#2490=CARTESIAN_POINT('Origin',(211.366659176287,80.2288283960944,0.));
#2491=CARTESIAN_POINT('',(213.350993598755,80.2288283960944,0.));
#2492=CARTESIAN_POINT('',(209.382324753819,80.2288283960942,0.));
#2493=CARTESIAN_POINT('',(50.6,18.788547547959,0.));
#2494=CARTESIAN_POINT('',(49.8870513356077,56.888547547959,0.));
#2495=CARTESIAN_POINT('',(64.0020625366086,4.60000000000001,0.));
#2496=CARTESIAN_POINT('',(211.366659176287,79.4804353742826,0.));
#2497=CARTESIAN_POINT('Origin',(59.4248669035317,7.10000000000001,0.));
#2498=CARTESIAN_POINT('polyline point',(59.4248669035317,7.10000000000001,
6.35085296108588));
#2499=CARTESIAN_POINT('polyline point',(59.4248669035317,12.6,3.17542648054294));
#2500=CARTESIAN_POINT('polyline point',(59.4248669035317,12.6,3.17542648054294));
#2501=CARTESIAN_POINT('polyline point',(59.4248669035317,12.6,-3.17542648054294));
#2502=CARTESIAN_POINT('polyline point',(59.4248669035317,12.6,-3.17542648054294));
#2503=CARTESIAN_POINT('polyline point',(59.4248669035317,7.10000000000001,
-6.35085296108589));
#2504=CARTESIAN_POINT('polyline point',(59.4248669035317,7.10000000000001,
-6.35085296108589));
#2505=CARTESIAN_POINT('polyline point',(59.4248669035317,1.60000000000001,
-3.17542648054294));
#2506=CARTESIAN_POINT('polyline point',(59.4248669035317,1.60000000000001,
-3.17542648054294));
#2507=CARTESIAN_POINT('polyline point',(59.4248669035317,1.60000000000001,
3.17542648054294));
#2508=CARTESIAN_POINT('polyline point',(59.4248669035317,1.60000000000001,
3.17542648054294));
#2509=CARTESIAN_POINT('polyline point',(59.4248669035317,7.10000000000001,
6.35085296108588));
#2510=CARTESIAN_POINT('Origin',(59.4248669035317,7.10000000000001,0.));
#2511=CARTESIAN_POINT('',(59.4248669035317,0.,0.));
#2512=CARTESIAN_POINT('',(59.4248669035317,7.10000000000001,0.));
#2513=CARTESIAN_POINT('Origin',(0.,5.98926328744122E-15,0.));
#2514=CARTESIAN_POINT('',(0.,5.98926328744122E-15,0.));
#2515=CARTESIAN_POINT('',(0.,5.98926328744122E-15,0.));
#2516=CARTESIAN_POINT('Origin',(0.,5.98926328744122E-15,0.));
#2517=CARTESIAN_POINT('Origin',(0.,5.98926328744122E-15,-44.45));
#2518=CARTESIAN_POINT('polyline point',(-1.98437500000004,5.98926328744122E-15,
43.7));
#2519=CARTESIAN_POINT('polyline point',(-1.98437500000004,5.98926328744122E-15,
45.2));
#2520=CARTESIAN_POINT('polyline point',(1.98437499999999,5.98926328744122E-15,
45.2));
#2521=CARTESIAN_POINT('polyline point',(1.98437499999999,5.98926328744122E-15,
43.7));
#2522=CARTESIAN_POINT('Origin',(-1.4708103264575E-14,5.98926328744122E-15,
43.7));
#2523=CARTESIAN_POINT('',(-1.98437500000002,5.98926328744122E-15,43.7));
#2524=CARTESIAN_POINT('',(1.98437499999999,5.98926328744122E-15,43.7));
#2525=CARTESIAN_POINT('Origin',(-1.4708103264575E-14,5.98926328744122E-15,
45.2));
#2526=CARTESIAN_POINT('',(1.98437499999999,5.98926328744122E-15,45.2));
#2527=CARTESIAN_POINT('',(-1.98437500000002,5.98926328744122E-15,45.2));
#2528=CARTESIAN_POINT('',(0.,5.98926328744122E-15,0.));
#2529=CARTESIAN_POINT('polyline point',(-16.75,5.98926328744122E-15,35.));
#2530=CARTESIAN_POINT('polyline point',(16.75,5.98926328744122E-15,35.));
#2531=CARTESIAN_POINT('polyline point',(24.75,5.98926328744122E-15,27.));
#2532=CARTESIAN_POINT('polyline point',(24.75,5.98926328744122E-15,17.5));
#2533=CARTESIAN_POINT('polyline point',(16.75,5.98926328744122E-15,9.5));
#2534=CARTESIAN_POINT('polyline point',(-16.75,5.98926328744122E-15,9.5));
#2535=CARTESIAN_POINT('polyline point',(-24.75,5.98926328744122E-15,17.5));
#2536=CARTESIAN_POINT('polyline point',(-24.75,5.98926328744122E-15,27.));
#2537=CARTESIAN_POINT('Origin',(0.,5.98926328744122E-15,0.));
#2538=CARTESIAN_POINT('polyline point',(0.,5.98926328744122E-15,0.));
#2539=CARTESIAN_POINT('polyline point',(0.,5.98926328744122E-15,9.5));
#2540=CARTESIAN_POINT('Origin',(-16.75,5.98926328744122E-15,27.));
#2541=CARTESIAN_POINT('',(-16.75,5.98926328744122E-15,35.));
#2542=CARTESIAN_POINT('',(-24.75,5.98926328744122E-15,27.));
#2543=CARTESIAN_POINT('Origin',(-16.75,5.98926328744122E-15,17.5));
#2544=CARTESIAN_POINT('',(-24.75,5.98926328744122E-15,17.5));
#2545=CARTESIAN_POINT('',(-16.75,5.98926328744122E-15,9.5));
#2546=CARTESIAN_POINT('Origin',(16.75,5.98926328744122E-15,17.5));
#2547=CARTESIAN_POINT('',(16.75,5.98926328744122E-15,9.5));
#2548=CARTESIAN_POINT('',(24.75,5.98926328744122E-15,17.5));
#2549=CARTESIAN_POINT('Origin',(16.75,5.98926328744122E-15,27.));
#2550=CARTESIAN_POINT('',(24.75,5.98926328744122E-15,27.));
#2551=CARTESIAN_POINT('',(16.75,5.98926328744122E-15,35.));
#2552=CARTESIAN_POINT('',(0.,5.98926328744122E-15,0.));
#2553=CARTESIAN_POINT('Origin',(9.80776221726431,-9.80776221726431,9.80776221726431));
#2554=CARTESIAN_POINT('Origin',(-13.9055118110236,-10.,16.9875424688562));
#2555=CARTESIAN_POINT('',(0.,0.,0.));
#2556=CARTESIAN_POINT('Origin',(2.61331282407732E-14,0.,117.693146607172));
#2557=CARTESIAN_POINT('Origin',(-13.9055118110236,-10.,117.693146607172));
#2558=CARTESIAN_POINT('',(0.,0.,0.));
#2559=CARTESIAN_POINT('Origin',(0.,117.693146607172,0.));
#2560=CARTESIAN_POINT('Origin',(-13.9055118110236,-10.,117.693146607172));
#2561=CARTESIAN_POINT('',(0.,0.,0.));
#2562=CARTESIAN_POINT('Origin',(117.693146607172,0.,0.));
#2563=CARTESIAN_POINT('Origin',(-13.9055118110236,-10.,117.693146607172));
#2564=CARTESIAN_POINT('',(0.,0.,0.));
#2565=CARTESIAN_POINT('Origin',(0.,0.,0.));
#2566=CARTESIAN_POINT('Origin',(0.,0.,0.));
#2567=CARTESIAN_POINT('Origin',(0.,0.,0.));
#2568=CARTESIAN_POINT('Origin',(0.,0.,0.));
#2569=CARTESIAN_POINT('Origin',(0.,0.,0.));
#2570=UNCERTAINTY_MEASURE_WITH_UNIT(LENGTH_MEASURE(0.01),#2574,
'DISTANCE_ACCURACY_VALUE',
'Maximum model space distance between geometric entities at asserted c
onnectivities');
#2571=UNCERTAINTY_MEASURE_WITH_UNIT(LENGTH_MEASURE(0.01),#2574,
'DISTANCE_ACCURACY_VALUE',
'Maximum model space distance between geometric entities at asserted c
onnectivities');
#2572=(
GEOMETRIC_REPRESENTATION_CONTEXT(3)
GLOBAL_UNCERTAINTY_ASSIGNED_CONTEXT((#2570))
GLOBAL_UNIT_ASSIGNED_CONTEXT((#2574,#2576,#2577))
REPRESENTATION_CONTEXT('','3D')
);
#2573=(
GEOMETRIC_REPRESENTATION_CONTEXT(3)
GLOBAL_UNCERTAINTY_ASSIGNED_CONTEXT((#2571))
GLOBAL_UNIT_ASSIGNED_CONTEXT((#2574,#2576,#2577))
REPRESENTATION_CONTEXT('','3D')
);
#2574=(
LENGTH_UNIT()
NAMED_UNIT(*)
SI_UNIT(.MILLI.,.METRE.)
);
#2575=(
LENGTH_UNIT()
NAMED_UNIT(*)
SI_UNIT(.CENTI.,.METRE.)
);
#2576=(
NAMED_UNIT(*)
PLANE_ANGLE_UNIT()
SI_UNIT($,.RADIAN.)
);
#2577=(
NAMED_UNIT(*)
SI_UNIT($,.STERADIAN.)
SOLID_ANGLE_UNIT()
);
#2578=SHAPE_DEFINITION_REPRESENTATION(#2579,#2580);
#2579=PRODUCT_DEFINITION_SHAPE('',$,#2582);
#2580=SHAPE_REPRESENTATION('',(#1450,#105),#2572);
#2581=PRODUCT_DEFINITION_CONTEXT('part definition',#2586,'design');
#2582=PRODUCT_DEFINITION('\X2\041B0438043404300440\X0\ Velodyne PUCK V
LP-16','\X2\041B0438043404300440\X0\ Velodyne PUCK VLP-16',#2583,#2581);
#2583=PRODUCT_DEFINITION_FORMATION('',$,#2588);
#2584=PRODUCT_RELATED_PRODUCT_CATEGORY(
'\X2\041B0438043404300440\X0\ Velodyne PUCK VLP-16',
'\X2\041B0438043404300440\X0\ Velodyne PUCK VLP-16',(#2588));
#2585=APPLICATION_PROTOCOL_DEFINITION('international standard',
'ap242_managed_model_based_3d_engineering',2011,#2586);
#2586=APPLICATION_CONTEXT('Managed model based 3d engineering');
#2587=PRODUCT_CONTEXT('part definition',#2586,'mechanical');
#2588=PRODUCT('\X2\041B0438043404300440\X0\ Velodyne PUCK VLP-16',
'\X2\041B0438043404300440\X0\ Velodyne PUCK VLP-16',$,(#2587));
#2589=PRESENTATION_STYLE_ASSIGNMENT((#2615));
#2590=PRESENTATION_STYLE_ASSIGNMENT((#2616));
#2591=PRESENTATION_STYLE_ASSIGNMENT((#2617));
#2592=PRESENTATION_STYLE_ASSIGNMENT((#2618));
#2593=PRESENTATION_STYLE_ASSIGNMENT((#2619));
#2594=PRESENTATION_STYLE_ASSIGNMENT((#2620));
#2595=PRESENTATION_STYLE_ASSIGNMENT((#2621));
#2596=PRESENTATION_STYLE_ASSIGNMENT((NULL_STYLE(.NULL.)));
#2597=PRESENTATION_STYLE_ASSIGNMENT((NULL_STYLE(.NULL.)));
#2598=PRESENTATION_STYLE_ASSIGNMENT((NULL_STYLE(.NULL.)));
#2599=PRESENTATION_STYLE_ASSIGNMENT((NULL_STYLE(.NULL.)));
#2600=PRESENTATION_STYLE_ASSIGNMENT((NULL_STYLE(.NULL.)));
#2601=PRESENTATION_STYLE_ASSIGNMENT((NULL_STYLE(.NULL.)));
#2602=PRESENTATION_STYLE_ASSIGNMENT((NULL_STYLE(.NULL.)));
#2603=PRESENTATION_STYLE_ASSIGNMENT((NULL_STYLE(.NULL.)));
#2604=PRESENTATION_STYLE_ASSIGNMENT((NULL_STYLE(.NULL.)));
#2605=PRESENTATION_STYLE_ASSIGNMENT((NULL_STYLE(.NULL.)));
#2606=PRESENTATION_STYLE_ASSIGNMENT((NULL_STYLE(.NULL.)));
#2607=PRESENTATION_STYLE_ASSIGNMENT((NULL_STYLE(.NULL.)));
#2608=PRESENTATION_STYLE_ASSIGNMENT((NULL_STYLE(.NULL.)));
#2609=PRESENTATION_STYLE_ASSIGNMENT((NULL_STYLE(.NULL.)));
#2610=PRESENTATION_STYLE_ASSIGNMENT((NULL_STYLE(.NULL.)));
#2611=PRESENTATION_STYLE_ASSIGNMENT((NULL_STYLE(.NULL.)));
#2612=PRESENTATION_STYLE_ASSIGNMENT((NULL_STYLE(.NULL.)));
#2613=PRESENTATION_STYLE_ASSIGNMENT((NULL_STYLE(.NULL.)));
#2614=PRESENTATION_STYLE_ASSIGNMENT((NULL_STYLE(.NULL.)));
#2615=SURFACE_STYLE_USAGE(.BOTH.,#2632);
#2616=SURFACE_STYLE_USAGE(.BOTH.,#2633);
#2617=SURFACE_STYLE_USAGE(.BOTH.,#2634);
#2618=SURFACE_STYLE_USAGE(.BOTH.,#2635);
#2619=SURFACE_STYLE_USAGE(.BOTH.,#2636);
#2620=SURFACE_STYLE_USAGE(.BOTH.,#2637);
#2621=SURFACE_STYLE_USAGE(.BOTH.,#2638);
#2622=SURFACE_STYLE_RENDERING_WITH_PROPERTIES($,#2660,(#2627));
#2623=SURFACE_STYLE_RENDERING_WITH_PROPERTIES($,#2661,(#2628));
#2624=SURFACE_STYLE_RENDERING_WITH_PROPERTIES($,#2662,(#2629));
#2625=SURFACE_STYLE_RENDERING_WITH_PROPERTIES($,#2663,(#2630));
#2626=SURFACE_STYLE_RENDERING_WITH_PROPERTIES($,#2664,(#2631));
#2627=SURFACE_STYLE_TRANSPARENT(0.);
#2628=SURFACE_STYLE_TRANSPARENT(0.);
#2629=SURFACE_STYLE_TRANSPARENT(0.);
#2630=SURFACE_STYLE_TRANSPARENT(0.);
#2631=SURFACE_STYLE_TRANSPARENT(0.);
#2632=SURFACE_SIDE_STYLE('',(#2639,#2622));
#2633=SURFACE_SIDE_STYLE('',(#2640,#2623));
#2634=SURFACE_SIDE_STYLE('',(#2641,#2624));
#2635=SURFACE_SIDE_STYLE('',(#2642,#2625));
#2636=SURFACE_SIDE_STYLE('',(#2643,#2626));
#2637=SURFACE_SIDE_STYLE('',(#2644));
#2638=SURFACE_SIDE_STYLE('',(#2645));
#2639=SURFACE_STYLE_FILL_AREA(#2646);
#2640=SURFACE_STYLE_FILL_AREA(#2647);
#2641=SURFACE_STYLE_FILL_AREA(#2648);
#2642=SURFACE_STYLE_FILL_AREA(#2649);
#2643=SURFACE_STYLE_FILL_AREA(#2650);
#2644=SURFACE_STYLE_FILL_AREA(#2651);
#2645=SURFACE_STYLE_FILL_AREA(#2652);
#2646=FILL_AREA_STYLE('',(#2653));
#2647=FILL_AREA_STYLE('',(#2654));
#2648=FILL_AREA_STYLE('',(#2655));
#2649=FILL_AREA_STYLE('',(#2656));
#2650=FILL_AREA_STYLE('',(#2657));
#2651=FILL_AREA_STYLE('',(#2658));
#2652=FILL_AREA_STYLE('',(#2659));
#2653=FILL_AREA_STYLE_COLOUR('',#2660);
#2654=FILL_AREA_STYLE_COLOUR('',#2661);
#2655=FILL_AREA_STYLE_COLOUR('',#2662);
#2656=FILL_AREA_STYLE_COLOUR('',#2663);
#2657=FILL_AREA_STYLE_COLOUR('',#2664);
#2658=FILL_AREA_STYLE_COLOUR('',#2665);
#2659=FILL_AREA_STYLE_COLOUR('',#2666);
#2660=COLOUR_RGB('',0.749019607843137,0.749019607843137,0.749019607843137);
#2661=COLOUR_RGB('',0.956862745098039,0.956862745098039,0.956862745098039);
#2662=COLOUR_RGB('',0.490196078431373,0.490196078431373,0.490196078431373);
#2663=COLOUR_RGB('',0.243137254901961,0.243137254901961,0.243137254901961);
#2664=COLOUR_RGB('',0.243137254901961,0.243137254901961,0.243137254901961);
#2665=COLOUR_RGB('',0.,0.,0.);
#2666=COLOUR_RGB('',1.,1.,0.);
ENDSEC;
END-ISO-10303-21;
